generated_at,row_started_at,row_finished_at,row_elapsed_seconds,random_seed,iterations_per_proportion,benchmark_base_name,benchmark_variant,benchmark_name,source_path,source_exists,source_size_bytes,source_sha256,output_dir,artifact_path,artifact_exists,artifact_size_bytes,artifact_sha256,artifact_perm_hex,artifact_label,total_targets,variant_names_json,detyped,total,proportion,sample_index,combination_count,bucket_example_count,example_sequence_index,total_examples_planned,variant_bits,variant_indices_json,variant_names_selected_json,success,error_type,error_message,error_json,batch_size,tolerance,alpha,max_iterations,max_batches,bootstrap_resamples,retries,expected_total_runs,runs_completed_before_row,runs_completed_after_row,attempts_total,attempts_per_sample_json,retry_errors_per_sample_json,returncodes_json,stdout_json,stderr_json,sample_timings_json,sample_min,sample_max,sample_median,mean,stdev,total_samples,batches,converged,ci_lower,ci_upper,batch_sample_counts_json,batch_means_json,batch_stdevs_json,batch_ci_lowers_json,batch_ci_uppers_json,batch_converged_json
2026-04-15T22:36:43-06:00,2026-04-15T22:36:43-06:00,2026-04-15T22:36:45-06:00,2.422178030014038,0,1,call_method,advanced,call_method/advanced,static-python-perf/Benchmark/call_method/advanced/main.py,true,3137,acc5acabbc139b2adda5a395707774094221ee08311750ed3be82cecb57b3959,detyped_files/call_method/advanced,detyped_files/call_method/advanced/proportion_sweep/main_0x0_k00_s01.py,true,3054,b63a3e8a241358e866272cc6240be69a462a8a128ad55f7525f465bf044662db,0x0,k00_s01,6,"[""bar"", ""baz"", ""foo"", ""quux"", ""qux"", ""test_calls""]",0,6,0.0,1,1,1,1,254,000000,[],[],false,RuntimeError,"artifact main_0x0_k00_s01 failed (exit 1):
Traceback (most recent call last):
  File ""/Users/robertmorelli/Documents/personal-repos/gradual_typing_cinder_benchmark/detyped_files/call_method/advanced/proportion_sweep/main_0x0_k00_s01.py"", line 1, in <module>
    import __static__
ModuleNotFoundError: No module named '__static__'","{""message"": ""artifact main_0x0_k00_s01 failed (exit 1):\nTraceback (most recent call last):\n  File \""/Users/robertmorelli/Documents/personal-repos/gradual_typing_cinder_benchmark/detyped_files/call_method/advanced/proportion_sweep/main_0x0_k00_s01.py\"", line 1, in <module>\n    import __static__\nModuleNotFoundError: No module named '__static__'"", ""type"": ""RuntimeError""}",8,0.1,0.05,50,51,10000,20,103632,0,0,0,[],[],[],[],[],[],,,,,,,,,,,[],[],[],[],[],[]
2026-04-15T22:36:43-06:00,2026-04-15T22:36:45-06:00,2026-04-15T22:36:48-06:00,2.748070240020752,0,1,call_method,advanced,call_method/advanced,static-python-perf/Benchmark/call_method/advanced/main.py,true,3137,acc5acabbc139b2adda5a395707774094221ee08311750ed3be82cecb57b3959,detyped_files/call_method/advanced,detyped_files/call_method/advanced/proportion_sweep/main_0x4_k01_s01.py,true,3373,af570a4b2e87eb7119dcf07f3c1f3ea1b21a1f13c68492916de1f869984720dd,0x4,k01_s01,6,"[""bar"", ""baz"", ""foo"", ""quux"", ""qux"", ""test_calls""]",1,6,0.16666666666666666,1,6,1,2,254,000100,[3],"[""quux""]",false,RuntimeError,"artifact main_0x4_k01_s01 failed (exit 1):
Traceback (most recent call last):
  File ""/Users/robertmorelli/Documents/personal-repos/gradual_typing_cinder_benchmark/detyped_files/call_method/advanced/proportion_sweep/main_0x4_k01_s01.py"", line 1, in <module>
    import __static__
ModuleNotFoundError: No module named '__static__'","{""message"": ""artifact main_0x4_k01_s01 failed (exit 1):\nTraceback (most recent call last):\n  File \""/Users/robertmorelli/Documents/personal-repos/gradual_typing_cinder_benchmark/detyped_files/call_method/advanced/proportion_sweep/main_0x4_k01_s01.py\"", line 1, in <module>\n    import __static__\nModuleNotFoundError: No module named '__static__'"", ""type"": ""RuntimeError""}",8,0.1,0.05,50,51,10000,20,103632,408,408,0,[],[],[],[],[],[],,,,,,,,,,,[],[],[],[],[],[]
2026-04-15T22:36:43-06:00,2026-04-15T22:36:48-06:00,2026-04-15T22:36:50-06:00,2.300015926361084,0,1,call_method,advanced,call_method/advanced,static-python-perf/Benchmark/call_method/advanced/main.py,true,3137,acc5acabbc139b2adda5a395707774094221ee08311750ed3be82cecb57b3959,detyped_files/call_method/advanced,detyped_files/call_method/advanced/proportion_sweep/main_0x24_k02_s01.py,true,4185,157a05713c7b9a6d8c7d61a4d8a5d19fbb72d08c0d1f0ea84f8f938d52291ad9,0x24,k02_s01,6,"[""bar"", ""baz"", ""foo"", ""quux"", ""qux"", ""test_calls""]",2,6,0.3333333333333333,1,15,1,3,254,100100,"[0, 3]","[""bar"", ""quux""]",false,RuntimeError,"artifact main_0x24_k02_s01 failed (exit 1):
Traceback (most recent call last):
  File ""/Users/robertmorelli/Documents/personal-repos/gradual_typing_cinder_benchmark/detyped_files/call_method/advanced/proportion_sweep/main_0x24_k02_s01.py"", line 1, in <module>
    import __static__
ModuleNotFoundError: No module named '__static__'","{""message"": ""artifact main_0x24_k02_s01 failed (exit 1):\nTraceback (most recent call last):\n  File \""/Users/robertmorelli/Documents/personal-repos/gradual_typing_cinder_benchmark/detyped_files/call_method/advanced/proportion_sweep/main_0x24_k02_s01.py\"", line 1, in <module>\n    import __static__\nModuleNotFoundError: No module named '__static__'"", ""type"": ""RuntimeError""}",8,0.1,0.05,50,51,10000,20,103632,816,816,0,[],[],[],[],[],[],,,,,,,,,,,[],[],[],[],[],[]
2026-04-15T22:36:43-06:00,2026-04-15T22:36:51-06:00,2026-04-15T22:36:52-06:00,1.7814841270446777,0,1,call_method,advanced,call_method/advanced,static-python-perf/Benchmark/call_method/advanced/main.py,true,3137,acc5acabbc139b2adda5a395707774094221ee08311750ed3be82cecb57b3959,detyped_files/call_method/advanced,detyped_files/call_method/advanced/proportion_sweep/main_0xe_k03_s01.py,true,4471,a49c068d8c16f83f6403e9b8a7171c008a730abf3507e12e12b4db03c1f9f56a,0xe,k03_s01,6,"[""bar"", ""baz"", ""foo"", ""quux"", ""qux"", ""test_calls""]",3,6,0.5,1,20,1,4,254,001110,"[2, 3, 4]","[""foo"", ""quux"", ""qux""]",false,RuntimeError,"artifact main_0xe_k03_s01 failed (exit 1):
Traceback (most recent call last):
  File ""/Users/robertmorelli/Documents/personal-repos/gradual_typing_cinder_benchmark/detyped_files/call_method/advanced/proportion_sweep/main_0xe_k03_s01.py"", line 1, in <module>
    import __static__
ModuleNotFoundError: No module named '__static__'","{""message"": ""artifact main_0xe_k03_s01 failed (exit 1):\nTraceback (most recent call last):\n  File \""/Users/robertmorelli/Documents/personal-repos/gradual_typing_cinder_benchmark/detyped_files/call_method/advanced/proportion_sweep/main_0xe_k03_s01.py\"", line 1, in <module>\n    import __static__\nModuleNotFoundError: No module named '__static__'"", ""type"": ""RuntimeError""}",8,0.1,0.05,50,51,10000,20,103632,1224,1224,0,[],[],[],[],[],[],,,,,,,,,,,[],[],[],[],[],[]
2026-04-15T22:36:43-06:00,2026-04-15T22:36:52-06:00,2026-04-15T22:36:54-06:00,1.9305610656738281,0,1,call_method,advanced,call_method/advanced,static-python-perf/Benchmark/call_method/advanced/main.py,true,3137,acc5acabbc139b2adda5a395707774094221ee08311750ed3be82cecb57b3959,detyped_files/call_method/advanced,detyped_files/call_method/advanced/proportion_sweep/main_0x1d_k04_s01.py,true,4989,e8d87538720395dca5a1871938864d9f5b764bf44a5f3055c1521846e318352f,0x1d,k04_s01,6,"[""bar"", ""baz"", ""foo"", ""quux"", ""qux"", ""test_calls""]",4,6,0.6666666666666666,1,15,1,5,254,011101,"[1, 2, 3, 5]","[""baz"", ""foo"", ""quux"", ""test_calls""]",false,RuntimeError,"artifact main_0x1d_k04_s01 failed (exit 1):
Traceback (most recent call last):
  File ""/Users/robertmorelli/Documents/personal-repos/gradual_typing_cinder_benchmark/detyped_files/call_method/advanced/proportion_sweep/main_0x1d_k04_s01.py"", line 1, in <module>
    import __static__
ModuleNotFoundError: No module named '__static__'","{""message"": ""artifact main_0x1d_k04_s01 failed (exit 1):\nTraceback (most recent call last):\n  File \""/Users/robertmorelli/Documents/personal-repos/gradual_typing_cinder_benchmark/detyped_files/call_method/advanced/proportion_sweep/main_0x1d_k04_s01.py\"", line 1, in <module>\n    import __static__\nModuleNotFoundError: No module named '__static__'"", ""type"": ""RuntimeError""}",8,0.1,0.05,50,51,10000,20,103632,1632,1632,0,[],[],[],[],[],[],,,,,,,,,,,[],[],[],[],[],[]
2026-04-15T22:36:43-06:00,2026-04-15T22:36:54-06:00,2026-04-15T22:36:56-06:00,1.7456917762756348,0,1,call_method,advanced,call_method/advanced,static-python-perf/Benchmark/call_method/advanced/main.py,true,3137,acc5acabbc139b2adda5a395707774094221ee08311750ed3be82cecb57b3959,detyped_files/call_method/advanced,detyped_files/call_method/advanced/proportion_sweep/main_0x37_k05_s01.py,true,4749,e23e2455d34623beed1f9dd507c07f3371f542f038e90e79453088b9ab606b08,0x37,k05_s01,6,"[""bar"", ""baz"", ""foo"", ""quux"", ""qux"", ""test_calls""]",5,6,0.8333333333333334,1,6,1,6,254,110111,"[0, 1, 3, 4, 5]","[""bar"", ""baz"", ""quux"", ""qux"", ""test_calls""]",false,RuntimeError,"artifact main_0x37_k05_s01 failed (exit 1):
Traceback (most recent call last):
  File ""/Users/robertmorelli/Documents/personal-repos/gradual_typing_cinder_benchmark/detyped_files/call_method/advanced/proportion_sweep/main_0x37_k05_s01.py"", line 1, in <module>
    import __static__
ModuleNotFoundError: No module named '__static__'","{""message"": ""artifact main_0x37_k05_s01 failed (exit 1):\nTraceback (most recent call last):\n  File \""/Users/robertmorelli/Documents/personal-repos/gradual_typing_cinder_benchmark/detyped_files/call_method/advanced/proportion_sweep/main_0x37_k05_s01.py\"", line 1, in <module>\n    import __static__\nModuleNotFoundError: No module named '__static__'"", ""type"": ""RuntimeError""}",8,0.1,0.05,50,51,10000,20,103632,2040,2040,0,[],[],[],[],[],[],,,,,,,,,,,[],[],[],[],[],[]
2026-04-15T22:36:43-06:00,2026-04-15T22:36:57-06:00,2026-04-15T22:36:59-06:00,2.746832847595215,0,1,call_method,advanced,call_method/advanced,static-python-perf/Benchmark/call_method/advanced/main.py,true,3137,acc5acabbc139b2adda5a395707774094221ee08311750ed3be82cecb57b3959,detyped_files/call_method/advanced,detyped_files/call_method/advanced/proportion_sweep/main_0x3f_k06_s01.py,true,5824,09663c1d8ed9d4c2ba7b5f2ef94dac8edfd5a485e88f386e953ce43bb5fadad7,0x3f,k06_s01,6,"[""bar"", ""baz"", ""foo"", ""quux"", ""qux"", ""test_calls""]",6,6,1.0,1,1,1,7,254,111111,"[0, 1, 2, 3, 4, 5]","[""bar"", ""baz"", ""foo"", ""quux"", ""qux"", ""test_calls""]",false,RuntimeError,"artifact main_0x3f_k06_s01 failed (exit 1):
Traceback (most recent call last):
  File ""/Users/robertmorelli/Documents/personal-repos/gradual_typing_cinder_benchmark/detyped_files/call_method/advanced/proportion_sweep/main_0x3f_k06_s01.py"", line 1, in <module>
    import __static__
ModuleNotFoundError: No module named '__static__'","{""message"": ""artifact main_0x3f_k06_s01 failed (exit 1):\nTraceback (most recent call last):\n  File \""/Users/robertmorelli/Documents/personal-repos/gradual_typing_cinder_benchmark/detyped_files/call_method/advanced/proportion_sweep/main_0x3f_k06_s01.py\"", line 1, in <module>\n    import __static__\nModuleNotFoundError: No module named '__static__'"", ""type"": ""RuntimeError""}",8,0.1,0.05,50,51,10000,20,103632,2448,2448,0,[],[],[],[],[],[],,,,,,,,,,,[],[],[],[],[],[]
2026-04-15T22:36:43-06:00,2026-04-15T22:36:59-06:00,2026-04-15T22:37:02-06:00,2.803316831588745,0,1,call_method,shallow,call_method/shallow,static-python-perf/Benchmark/call_method/shallow/main.py,true,3127,27980b41c22d0f56a86b37737099b7b10ece6748fb8e69c20ca30eccaa96c05f,detyped_files/call_method/shallow,detyped_files/call_method/shallow/proportion_sweep/main_0x0_k00_s01.py,true,3024,1ba71046a423d3af8e6b8140c9e7f1b49e6021e21aab230f726490b63693f9ec,0x0,k00_s01,6,"[""bar"", ""baz"", ""foo"", ""quux"", ""qux"", ""test_calls""]",0,6,0.0,1,1,1,8,254,000000,[],[],false,RuntimeError,"artifact main_0x0_k00_s01 failed (exit 1):
Traceback (most recent call last):
  File ""/Users/robertmorelli/Documents/personal-repos/gradual_typing_cinder_benchmark/detyped_files/call_method/shallow/proportion_sweep/main_0x0_k00_s01.py"", line 12, in <module>
    import __static__
ModuleNotFoundError: No module named '__static__'","{""message"": ""artifact main_0x0_k00_s01 failed (exit 1):\nTraceback (most recent call last):\n  File \""/Users/robertmorelli/Documents/personal-repos/gradual_typing_cinder_benchmark/detyped_files/call_method/shallow/proportion_sweep/main_0x0_k00_s01.py\"", line 12, in <module>\n    import __static__\nModuleNotFoundError: No module named '__static__'"", ""type"": ""RuntimeError""}",8,0.1,0.05,50,51,10000,20,103632,2856,2856,0,[],[],[],[],[],[],,,,,,,,,,,[],[],[],[],[],[]
2026-04-15T22:36:43-06:00,2026-04-15T22:37:02-06:00,2026-04-15T22:37:05-06:00,2.8966619968414307,0,1,call_method,shallow,call_method/shallow,static-python-perf/Benchmark/call_method/shallow/main.py,true,3127,27980b41c22d0f56a86b37737099b7b10ece6748fb8e69c20ca30eccaa96c05f,detyped_files/call_method/shallow,detyped_files/call_method/shallow/proportion_sweep/main_0x20_k01_s01.py,true,3060,8d4e804f74e1e0ac00a1348e69ab10f82da0b194b8a541c63bd3c930fc3383aa,0x20,k01_s01,6,"[""bar"", ""baz"", ""foo"", ""quux"", ""qux"", ""test_calls""]",1,6,0.16666666666666666,1,6,1,9,254,100000,[0],"[""bar""]",false,RuntimeError,"artifact main_0x20_k01_s01 failed (exit 1):
Traceback (most recent call last):
  File ""/Users/robertmorelli/Documents/personal-repos/gradual_typing_cinder_benchmark/detyped_files/call_method/shallow/proportion_sweep/main_0x20_k01_s01.py"", line 12, in <module>
    import __static__
ModuleNotFoundError: No module named '__static__'","{""message"": ""artifact main_0x20_k01_s01 failed (exit 1):\nTraceback (most recent call last):\n  File \""/Users/robertmorelli/Documents/personal-repos/gradual_typing_cinder_benchmark/detyped_files/call_method/shallow/proportion_sweep/main_0x20_k01_s01.py\"", line 12, in <module>\n    import __static__\nModuleNotFoundError: No module named '__static__'"", ""type"": ""RuntimeError""}",8,0.1,0.05,50,51,10000,20,103632,3264,3264,0,[],[],[],[],[],[],,,,,,,,,,,[],[],[],[],[],[]
2026-04-15T22:36:43-06:00,2026-04-15T22:37:05-06:00,2026-04-15T22:37:07-06:00,1.895103931427002,0,1,call_method,shallow,call_method/shallow,static-python-perf/Benchmark/call_method/shallow/main.py,true,3127,27980b41c22d0f56a86b37737099b7b10ece6748fb8e69c20ca30eccaa96c05f,detyped_files/call_method/shallow,detyped_files/call_method/shallow/proportion_sweep/main_0xa_k02_s01.py,true,3078,b08b7f47de99164d0beb76ea388d62498ae1bdb57db21f6c256fda07a8cc8d7e,0xa,k02_s01,6,"[""bar"", ""baz"", ""foo"", ""quux"", ""qux"", ""test_calls""]",2,6,0.3333333333333333,1,15,1,10,254,001010,"[2, 4]","[""foo"", ""qux""]",false,RuntimeError,"artifact main_0xa_k02_s01 failed (exit 1):
Traceback (most recent call last):
  File ""/Users/robertmorelli/Documents/personal-repos/gradual_typing_cinder_benchmark/detyped_files/call_method/shallow/proportion_sweep/main_0xa_k02_s01.py"", line 12, in <module>
    import __static__
ModuleNotFoundError: No module named '__static__'","{""message"": ""artifact main_0xa_k02_s01 failed (exit 1):\nTraceback (most recent call last):\n  File \""/Users/robertmorelli/Documents/personal-repos/gradual_typing_cinder_benchmark/detyped_files/call_method/shallow/proportion_sweep/main_0xa_k02_s01.py\"", line 12, in <module>\n    import __static__\nModuleNotFoundError: No module named '__static__'"", ""type"": ""RuntimeError""}",8,0.1,0.05,50,51,10000,20,103632,3672,3672,0,[],[],[],[],[],[],,,,,,,,,,,[],[],[],[],[],[]
2026-04-15T22:36:43-06:00,2026-04-15T22:37:07-06:00,2026-04-15T22:37:09-06:00,1.9886589050292969,0,1,call_method,shallow,call_method/shallow,static-python-perf/Benchmark/call_method/shallow/main.py,true,3127,27980b41c22d0f56a86b37737099b7b10ece6748fb8e69c20ca30eccaa96c05f,detyped_files/call_method/shallow,detyped_files/call_method/shallow/proportion_sweep/main_0x13_k03_s01.py,true,3080,d4aa37cb2ea4c21c274f79f4ff87d0e420cce783ac7519721b9c733a116b9e41,0x13,k03_s01,6,"[""bar"", ""baz"", ""foo"", ""quux"", ""qux"", ""test_calls""]",3,6,0.5,1,20,1,11,254,010011,"[1, 4, 5]","[""baz"", ""qux"", ""test_calls""]",false,RuntimeError,"artifact main_0x13_k03_s01 failed (exit 1):
Traceback (most recent call last):
  File ""/Users/robertmorelli/Documents/personal-repos/gradual_typing_cinder_benchmark/detyped_files/call_method/shallow/proportion_sweep/main_0x13_k03_s01.py"", line 12, in <module>
    import __static__
ModuleNotFoundError: No module named '__static__'","{""message"": ""artifact main_0x13_k03_s01 failed (exit 1):\nTraceback (most recent call last):\n  File \""/Users/robertmorelli/Documents/personal-repos/gradual_typing_cinder_benchmark/detyped_files/call_method/shallow/proportion_sweep/main_0x13_k03_s01.py\"", line 12, in <module>\n    import __static__\nModuleNotFoundError: No module named '__static__'"", ""type"": ""RuntimeError""}",8,0.1,0.05,50,51,10000,20,103632,4080,4080,0,[],[],[],[],[],[],,,,,,,,,,,[],[],[],[],[],[]
2026-04-15T22:36:43-06:00,2026-04-15T22:37:09-06:00,2026-04-15T22:37:11-06:00,2.1387341022491455,0,1,call_method,shallow,call_method/shallow,static-python-perf/Benchmark/call_method/shallow/main.py,true,3127,27980b41c22d0f56a86b37737099b7b10ece6748fb8e69c20ca30eccaa96c05f,detyped_files/call_method/shallow,detyped_files/call_method/shallow/proportion_sweep/main_0x2b_k04_s01.py,true,3078,2d42b16f4a4d99b7ef9c04db5f4be5cc0e9a1c63870c025a3031864f22b745ae,0x2b,k04_s01,6,"[""bar"", ""baz"", ""foo"", ""quux"", ""qux"", ""test_calls""]",4,6,0.6666666666666666,1,15,1,12,254,101011,"[0, 2, 4, 5]","[""bar"", ""foo"", ""qux"", ""test_calls""]",false,RuntimeError,"artifact main_0x2b_k04_s01 failed (exit 1):
Traceback (most recent call last):
  File ""/Users/robertmorelli/Documents/personal-repos/gradual_typing_cinder_benchmark/detyped_files/call_method/shallow/proportion_sweep/main_0x2b_k04_s01.py"", line 12, in <module>
    import __static__
ModuleNotFoundError: No module named '__static__'","{""message"": ""artifact main_0x2b_k04_s01 failed (exit 1):\nTraceback (most recent call last):\n  File \""/Users/robertmorelli/Documents/personal-repos/gradual_typing_cinder_benchmark/detyped_files/call_method/shallow/proportion_sweep/main_0x2b_k04_s01.py\"", line 12, in <module>\n    import __static__\nModuleNotFoundError: No module named '__static__'"", ""type"": ""RuntimeError""}",8,0.1,0.05,50,51,10000,20,103632,4488,4488,0,[],[],[],[],[],[],,,,,,,,,,,[],[],[],[],[],[]
2026-04-15T22:36:43-06:00,2026-04-15T22:37:11-06:00,2026-04-15T22:37:13-06:00,2.0694739818573,0,1,call_method,shallow,call_method/shallow,static-python-perf/Benchmark/call_method/shallow/main.py,true,3127,27980b41c22d0f56a86b37737099b7b10ece6748fb8e69c20ca30eccaa96c05f,detyped_files/call_method/shallow,detyped_files/call_method/shallow/proportion_sweep/main_0x3d_k05_s01.py,true,3086,be311be35e3e0cd7dbd0002ab2d8745b3f81f01925ccb5925e36054b2b3e01fa,0x3d,k05_s01,6,"[""bar"", ""baz"", ""foo"", ""quux"", ""qux"", ""test_calls""]",5,6,0.8333333333333334,1,6,1,13,254,111101,"[0, 1, 2, 3, 5]","[""bar"", ""baz"", ""foo"", ""quux"", ""test_calls""]",false,RuntimeError,"artifact main_0x3d_k05_s01 failed (exit 1):
Traceback (most recent call last):
  File ""/Users/robertmorelli/Documents/personal-repos/gradual_typing_cinder_benchmark/detyped_files/call_method/shallow/proportion_sweep/main_0x3d_k05_s01.py"", line 12, in <module>
    import __static__
ModuleNotFoundError: No module named '__static__'","{""message"": ""artifact main_0x3d_k05_s01 failed (exit 1):\nTraceback (most recent call last):\n  File \""/Users/robertmorelli/Documents/personal-repos/gradual_typing_cinder_benchmark/detyped_files/call_method/shallow/proportion_sweep/main_0x3d_k05_s01.py\"", line 12, in <module>\n    import __static__\nModuleNotFoundError: No module named '__static__'"", ""type"": ""RuntimeError""}",8,0.1,0.05,50,51,10000,20,103632,4896,4896,0,[],[],[],[],[],[],,,,,,,,,,,[],[],[],[],[],[]
2026-04-15T22:36:43-06:00,2026-04-15T22:37:13-06:00,2026-04-15T22:37:15-06:00,2.0014209747314453,0,1,call_method,shallow,call_method/shallow,static-python-perf/Benchmark/call_method/shallow/main.py,true,3127,27980b41c22d0f56a86b37737099b7b10ece6748fb8e69c20ca30eccaa96c05f,detyped_files/call_method/shallow,detyped_files/call_method/shallow/proportion_sweep/main_0x3f_k06_s01.py,true,3109,724f39c8362834ad44d35a77f953f881723e98b38b439bd22e5729749d00d621,0x3f,k06_s01,6,"[""bar"", ""baz"", ""foo"", ""quux"", ""qux"", ""test_calls""]",6,6,1.0,1,1,1,14,254,111111,"[0, 1, 2, 3, 4, 5]","[""bar"", ""baz"", ""foo"", ""quux"", ""qux"", ""test_calls""]",false,RuntimeError,"artifact main_0x3f_k06_s01 failed (exit 1):
Traceback (most recent call last):
  File ""/Users/robertmorelli/Documents/personal-repos/gradual_typing_cinder_benchmark/detyped_files/call_method/shallow/proportion_sweep/main_0x3f_k06_s01.py"", line 12, in <module>
    import __static__
ModuleNotFoundError: No module named '__static__'","{""message"": ""artifact main_0x3f_k06_s01 failed (exit 1):\nTraceback (most recent call last):\n  File \""/Users/robertmorelli/Documents/personal-repos/gradual_typing_cinder_benchmark/detyped_files/call_method/shallow/proportion_sweep/main_0x3f_k06_s01.py\"", line 12, in <module>\n    import __static__\nModuleNotFoundError: No module named '__static__'"", ""type"": ""RuntimeError""}",8,0.1,0.05,50,51,10000,20,103632,5304,5304,0,[],[],[],[],[],[],,,,,,,,,,,[],[],[],[],[],[]
2026-04-15T22:36:43-06:00,2026-04-15T22:37:15-06:00,2026-04-15T22:37:20-06:00,4.72688102722168,0,1,call_method,untyped,call_method/untyped,static-python-perf/Benchmark/call_method/untyped/main.py,true,2934,a3b48b9371319195a1cb1a7c406a377cd953f0dd25c37ac3ea63851d626a1881,static-python-perf/Benchmark/call_method/untyped,static-python-perf/Benchmark/call_method/untyped/main.py,true,2934,a3b48b9371319195a1cb1a7c406a377cd953f0dd25c37ac3ea63851d626a1881,,untyped,0,[],0,0,0.0,1,1,1,15,254,,[],[],true,,,,8,0.1,0.05,50,51,10000,20,103632,5712,5736,24,"[1, 1, 1, 1, 1, 1, 1, 1, 1, 1, 1, 1, 1, 1, 1, 1, 1, 1, 1, 1, 1, 1, 1, 1]","[[], [], [], [], [], [], [], [], [], [], [], [], [], [], [], [], [], [], [], [], [], [], [], []]","[0, 0, 0, 0, 0, 0, 0, 0, 0, 0, 0, 0, 0, 0, 0, 0, 0, 0, 0, 0, 0, 0, 0, 0]","[""0.22283482551574707\n"", ""0.14310717582702637\n"", ""0.15126299858093262\n"", ""0.12394905090332031\n"", ""0.13389086723327637\n"", ""0.09647703170776367\n"", ""0.08896899223327637\n"", ""0.11963009834289551\n"", ""0.11304402351379395\n"", ""0.12191581726074219\n"", ""0.09072613716125488\n"", ""0.13437104225158691\n"", ""0.10769200325012207\n"", ""0.11840105056762695\n"", ""0.13979411125183105\n"", ""0.1519937515258789\n"", ""0.1214151382446289\n"", ""0.10749292373657227\n"", ""0.12348699569702148\n"", ""0.13948702812194824\n"", ""0.12900805473327637\n"", ""0.14092612266540527\n"", ""0.14162015914916992\n"", ""0.11880016326904297\n""]","["""", """", """", """", """", """", """", """", """", """", """", """", """", """", """", """", """", """", """", """", """", """", """", """"]","[0.22283482551574707, 0.14310717582702637, 0.15126299858093262, 0.12394905090332031, 0.13389086723327637, 0.09647703170776367, 0.08896899223327637, 0.11963009834289551, 0.11304402351379395, 0.12191581726074219, 0.09072613716125488, 0.13437104225158691, 0.10769200325012207, 0.11840105056762695, 0.13979411125183105, 0.1519937515258789, 0.1214151382446289, 0.10749292373657227, 0.12348699569702148, 0.13948702812194824, 0.12900805473327637, 0.14092612266540527, 0.14162015914916992, 0.11880016326904297]",0.08896899223327637,0.22283482551574707,0.1237180233001709,0.12834564844767252,0.02667265896740912,24,3,true,0.11883649230003357,0.13953140377998352,"[8, 16, 24]","[0.13501513004302979, 0.1286286860704422, 0.12834564844767252]","[0.04141708835599031, 0.031942640456330294, 0.02667265896740912]","[0.11109623312950134, 0.11517134308815002, 0.11883649230003357]","[0.1645461916923523, 0.14474429190158844, 0.13953140377998352]","[false, false, true]"
2026-04-15T22:36:43-06:00,2026-04-15T22:37:20-06:00,2026-04-15T22:37:22-06:00,1.650573968887329,0,1,call_method_slots,advanced,call_method_slots/advanced,static-python-perf/Benchmark/call_method_slots/advanced/main.py,true,3353,6a2d17fba9ec1e10ec755c29192732e27e79bf4d0a6e904bec0c6734ae8f8c26,detyped_files/call_method_slots/advanced,detyped_files/call_method_slots/advanced/proportion_sweep/main_0x0_k00_s01.py,true,3273,73b5d55e3dc3d6e450e92a33efd4a4d68663251d632184a03e1f8fea4fd9c8c0,0x0,k00_s01,6,"[""bar"", ""baz"", ""foo"", ""quux"", ""qux"", ""test_calls""]",0,6,0.0,1,1,1,16,254,000000,[],[],false,RuntimeError,"artifact main_0x0_k00_s01 failed (exit 1):
Traceback (most recent call last):
  File ""/Users/robertmorelli/Documents/personal-repos/gradual_typing_cinder_benchmark/detyped_files/call_method_slots/advanced/proportion_sweep/main_0x0_k00_s01.py"", line 13, in <module>
    import __static__
ModuleNotFoundError: No module named '__static__'","{""message"": ""artifact main_0x0_k00_s01 failed (exit 1):\nTraceback (most recent call last):\n  File \""/Users/robertmorelli/Documents/personal-repos/gradual_typing_cinder_benchmark/detyped_files/call_method_slots/advanced/proportion_sweep/main_0x0_k00_s01.py\"", line 13, in <module>\n    import __static__\nModuleNotFoundError: No module named '__static__'"", ""type"": ""RuntimeError""}",8,0.1,0.05,50,51,10000,20,103632,6120,6120,0,[],[],[],[],[],[],,,,,,,,,,,[],[],[],[],[],[]
2026-04-15T22:36:43-06:00,2026-04-15T22:37:22-06:00,2026-04-15T22:37:23-06:00,1.8528540134429932,0,1,call_method_slots,advanced,call_method_slots/advanced,static-python-perf/Benchmark/call_method_slots/advanced/main.py,true,3353,6a2d17fba9ec1e10ec755c29192732e27e79bf4d0a6e904bec0c6734ae8f8c26,detyped_files/call_method_slots/advanced,detyped_files/call_method_slots/advanced/proportion_sweep/main_0x8_k01_s01.py,true,4381,033faf02bf9ab8c99725a89f83c48c74ba0b3ad0b31227e468cfd6aaafe367bc,0x8,k01_s01,6,"[""bar"", ""baz"", ""foo"", ""quux"", ""qux"", ""test_calls""]",1,6,0.16666666666666666,1,6,1,17,254,001000,[2],"[""foo""]",false,RuntimeError,"artifact main_0x8_k01_s01 failed (exit 1):
Traceback (most recent call last):
  File ""/Users/robertmorelli/Documents/personal-repos/gradual_typing_cinder_benchmark/detyped_files/call_method_slots/advanced/proportion_sweep/main_0x8_k01_s01.py"", line 13, in <module>
    import __static__
ModuleNotFoundError: No module named '__static__'","{""message"": ""artifact main_0x8_k01_s01 failed (exit 1):\nTraceback (most recent call last):\n  File \""/Users/robertmorelli/Documents/personal-repos/gradual_typing_cinder_benchmark/detyped_files/call_method_slots/advanced/proportion_sweep/main_0x8_k01_s01.py\"", line 13, in <module>\n    import __static__\nModuleNotFoundError: No module named '__static__'"", ""type"": ""RuntimeError""}",8,0.1,0.05,50,51,10000,20,103632,6528,6528,0,[],[],[],[],[],[],,,,,,,,,,,[],[],[],[],[],[]
2026-04-15T22:36:43-06:00,2026-04-15T22:37:23-06:00,2026-04-15T22:37:25-06:00,1.8494691848754883,0,1,call_method_slots,advanced,call_method_slots/advanced,static-python-perf/Benchmark/call_method_slots/advanced/main.py,true,3353,6a2d17fba9ec1e10ec755c29192732e27e79bf4d0a6e904bec0c6734ae8f8c26,detyped_files/call_method_slots/advanced,detyped_files/call_method_slots/advanced/proportion_sweep/main_0x12_k02_s01.py,true,3878,3beb5c325c6036ab2099253ad0795db1f51179fda4db4afcf08a51ae9d7dfaca,0x12,k02_s01,6,"[""bar"", ""baz"", ""foo"", ""quux"", ""qux"", ""test_calls""]",2,6,0.3333333333333333,1,15,1,18,254,010010,"[1, 4]","[""baz"", ""qux""]",false,RuntimeError,"artifact main_0x12_k02_s01 failed (exit 1):
Traceback (most recent call last):
  File ""/Users/robertmorelli/Documents/personal-repos/gradual_typing_cinder_benchmark/detyped_files/call_method_slots/advanced/proportion_sweep/main_0x12_k02_s01.py"", line 13, in <module>
    import __static__
ModuleNotFoundError: No module named '__static__'","{""message"": ""artifact main_0x12_k02_s01 failed (exit 1):\nTraceback (most recent call last):\n  File \""/Users/robertmorelli/Documents/personal-repos/gradual_typing_cinder_benchmark/detyped_files/call_method_slots/advanced/proportion_sweep/main_0x12_k02_s01.py\"", line 13, in <module>\n    import __static__\nModuleNotFoundError: No module named '__static__'"", ""type"": ""RuntimeError""}",8,0.1,0.05,50,51,10000,20,103632,6936,6936,0,[],[],[],[],[],[],,,,,,,,,,,[],[],[],[],[],[]
2026-04-15T22:36:43-06:00,2026-04-15T22:37:25-06:00,2026-04-15T22:37:27-06:00,1.6410281658172607,0,1,call_method_slots,advanced,call_method_slots/advanced,static-python-perf/Benchmark/call_method_slots/advanced/main.py,true,3353,6a2d17fba9ec1e10ec755c29192732e27e79bf4d0a6e904bec0c6734ae8f8c26,detyped_files/call_method_slots/advanced,detyped_files/call_method_slots/advanced/proportion_sweep/main_0x7_k03_s01.py,true,3607,dddfd18cf51096cb05b56fcd01caa190d7eea455218b7caecd109f51cc7d30b6,0x7,k03_s01,6,"[""bar"", ""baz"", ""foo"", ""quux"", ""qux"", ""test_calls""]",3,6,0.5,1,20,1,19,254,000111,"[3, 4, 5]","[""quux"", ""qux"", ""test_calls""]",false,RuntimeError,"artifact main_0x7_k03_s01 failed (exit 1):
Traceback (most recent call last):
  File ""/Users/robertmorelli/Documents/personal-repos/gradual_typing_cinder_benchmark/detyped_files/call_method_slots/advanced/proportion_sweep/main_0x7_k03_s01.py"", line 13, in <module>
    import __static__
ModuleNotFoundError: No module named '__static__'","{""message"": ""artifact main_0x7_k03_s01 failed (exit 1):\nTraceback (most recent call last):\n  File \""/Users/robertmorelli/Documents/personal-repos/gradual_typing_cinder_benchmark/detyped_files/call_method_slots/advanced/proportion_sweep/main_0x7_k03_s01.py\"", line 13, in <module>\n    import __static__\nModuleNotFoundError: No module named '__static__'"", ""type"": ""RuntimeError""}",8,0.1,0.05,50,51,10000,20,103632,7344,7344,0,[],[],[],[],[],[],,,,,,,,,,,[],[],[],[],[],[]
2026-04-15T22:36:43-06:00,2026-04-15T22:37:27-06:00,2026-04-15T22:37:29-06:00,1.7223789691925049,0,1,call_method_slots,advanced,call_method_slots/advanced,static-python-perf/Benchmark/call_method_slots/advanced/main.py,true,3353,6a2d17fba9ec1e10ec755c29192732e27e79bf4d0a6e904bec0c6734ae8f8c26,detyped_files/call_method_slots/advanced,detyped_files/call_method_slots/advanced/proportion_sweep/main_0x2b_k04_s01.py,true,5208,27d9dc4a9d3cf262b5031bdf8995843a2eb048b23164c56abe6b5830b6c3d1cb,0x2b,k04_s01,6,"[""bar"", ""baz"", ""foo"", ""quux"", ""qux"", ""test_calls""]",4,6,0.6666666666666666,1,15,1,20,254,101011,"[0, 2, 4, 5]","[""bar"", ""foo"", ""qux"", ""test_calls""]",false,RuntimeError,"artifact main_0x2b_k04_s01 failed (exit 1):
Traceback (most recent call last):
  File ""/Users/robertmorelli/Documents/personal-repos/gradual_typing_cinder_benchmark/detyped_files/call_method_slots/advanced/proportion_sweep/main_0x2b_k04_s01.py"", line 13, in <module>
    import __static__
ModuleNotFoundError: No module named '__static__'","{""message"": ""artifact main_0x2b_k04_s01 failed (exit 1):\nTraceback (most recent call last):\n  File \""/Users/robertmorelli/Documents/personal-repos/gradual_typing_cinder_benchmark/detyped_files/call_method_slots/advanced/proportion_sweep/main_0x2b_k04_s01.py\"", line 13, in <module>\n    import __static__\nModuleNotFoundError: No module named '__static__'"", ""type"": ""RuntimeError""}",8,0.1,0.05,50,51,10000,20,103632,7752,7752,0,[],[],[],[],[],[],,,,,,,,,,,[],[],[],[],[],[]
2026-04-15T22:36:43-06:00,2026-04-15T22:37:29-06:00,2026-04-15T22:37:31-06:00,1.9098420143127441,0,1,call_method_slots,advanced,call_method_slots/advanced,static-python-perf/Benchmark/call_method_slots/advanced/main.py,true,3353,6a2d17fba9ec1e10ec755c29192732e27e79bf4d0a6e904bec0c6734ae8f8c26,detyped_files/call_method_slots/advanced,detyped_files/call_method_slots/advanced/proportion_sweep/main_0x2f_k05_s01.py,true,5494,be6f58235e8092eb5d8ae0bd95c7d55e05a7f68d460fe413e26c9a139bba3ca8,0x2f,k05_s01,6,"[""bar"", ""baz"", ""foo"", ""quux"", ""qux"", ""test_calls""]",5,6,0.8333333333333334,1,6,1,21,254,101111,"[0, 2, 3, 4, 5]","[""bar"", ""foo"", ""quux"", ""qux"", ""test_calls""]",false,RuntimeError,"artifact main_0x2f_k05_s01 failed (exit 1):
Traceback (most recent call last):
  File ""/Users/robertmorelli/Documents/personal-repos/gradual_typing_cinder_benchmark/detyped_files/call_method_slots/advanced/proportion_sweep/main_0x2f_k05_s01.py"", line 13, in <module>
    import __static__
ModuleNotFoundError: No module named '__static__'","{""message"": ""artifact main_0x2f_k05_s01 failed (exit 1):\nTraceback (most recent call last):\n  File \""/Users/robertmorelli/Documents/personal-repos/gradual_typing_cinder_benchmark/detyped_files/call_method_slots/advanced/proportion_sweep/main_0x2f_k05_s01.py\"", line 13, in <module>\n    import __static__\nModuleNotFoundError: No module named '__static__'"", ""type"": ""RuntimeError""}",8,0.1,0.05,50,51,10000,20,103632,8160,8160,0,[],[],[],[],[],[],,,,,,,,,,,[],[],[],[],[],[]
2026-04-15T22:36:43-06:00,2026-04-15T22:37:31-06:00,2026-04-15T22:37:33-06:00,1.6328010559082031,0,1,call_method_slots,advanced,call_method_slots/advanced,static-python-perf/Benchmark/call_method_slots/advanced/main.py,true,3353,6a2d17fba9ec1e10ec755c29192732e27e79bf4d0a6e904bec0c6734ae8f8c26,detyped_files/call_method_slots/advanced,detyped_files/call_method_slots/advanced/proportion_sweep/main_0x3f_k06_s01.py,true,6043,60a80eeb5ec8cf31ebd119d40b6568937015e22d706af9f216aa3bbc868aaf97,0x3f,k06_s01,6,"[""bar"", ""baz"", ""foo"", ""quux"", ""qux"", ""test_calls""]",6,6,1.0,1,1,1,22,254,111111,"[0, 1, 2, 3, 4, 5]","[""bar"", ""baz"", ""foo"", ""quux"", ""qux"", ""test_calls""]",false,RuntimeError,"artifact main_0x3f_k06_s01 failed (exit 1):
Traceback (most recent call last):
  File ""/Users/robertmorelli/Documents/personal-repos/gradual_typing_cinder_benchmark/detyped_files/call_method_slots/advanced/proportion_sweep/main_0x3f_k06_s01.py"", line 13, in <module>
    import __static__
ModuleNotFoundError: No module named '__static__'","{""message"": ""artifact main_0x3f_k06_s01 failed (exit 1):\nTraceback (most recent call last):\n  File \""/Users/robertmorelli/Documents/personal-repos/gradual_typing_cinder_benchmark/detyped_files/call_method_slots/advanced/proportion_sweep/main_0x3f_k06_s01.py\"", line 13, in <module>\n    import __static__\nModuleNotFoundError: No module named '__static__'"", ""type"": ""RuntimeError""}",8,0.1,0.05,50,51,10000,20,103632,8568,8568,0,[],[],[],[],[],[],,,,,,,,,,,[],[],[],[],[],[]
2026-04-15T22:36:43-06:00,2026-04-15T22:37:33-06:00,2026-04-15T22:37:34-06:00,1.6914951801300049,0,1,call_method_slots,shallow,call_method_slots/shallow,static-python-perf/Benchmark/call_method_slots/shallow/main.py,true,3349,fba4a9c20d14956af3305087dda0a0ff8078a40cae59778a921763b3e5913e4c,detyped_files/call_method_slots/shallow,detyped_files/call_method_slots/shallow/proportion_sweep/main_0x0_k00_s01.py,true,3248,ec69e97ade09c00b317b6349e02f476248679079ec00c27d4fd71e61fd325ce5,0x0,k00_s01,6,"[""bar"", ""baz"", ""foo"", ""quux"", ""qux"", ""test_calls""]",0,6,0.0,1,1,1,23,254,000000,[],[],false,RuntimeError,"artifact main_0x0_k00_s01 failed (exit 1):
Traceback (most recent call last):
  File ""/Users/robertmorelli/Documents/personal-repos/gradual_typing_cinder_benchmark/detyped_files/call_method_slots/shallow/proportion_sweep/main_0x0_k00_s01.py"", line 14, in <module>
    import __static__
ModuleNotFoundError: No module named '__static__'","{""message"": ""artifact main_0x0_k00_s01 failed (exit 1):\nTraceback (most recent call last):\n  File \""/Users/robertmorelli/Documents/personal-repos/gradual_typing_cinder_benchmark/detyped_files/call_method_slots/shallow/proportion_sweep/main_0x0_k00_s01.py\"", line 14, in <module>\n    import __static__\nModuleNotFoundError: No module named '__static__'"", ""type"": ""RuntimeError""}",8,0.1,0.05,50,51,10000,20,103632,8976,8976,0,[],[],[],[],[],[],,,,,,,,,,,[],[],[],[],[],[]
2026-04-15T22:36:43-06:00,2026-04-15T22:37:34-06:00,2026-04-15T22:37:36-06:00,1.8876440525054932,0,1,call_method_slots,shallow,call_method_slots/shallow,static-python-perf/Benchmark/call_method_slots/shallow/main.py,true,3349,fba4a9c20d14956af3305087dda0a0ff8078a40cae59778a921763b3e5913e4c,detyped_files/call_method_slots/shallow,detyped_files/call_method_slots/shallow/proportion_sweep/main_0x2_k01_s01.py,true,3299,a91384b6bf5a38f67244f51876bfd76333f3c11b37ace3b7fcf4b5012d68bb6f,0x2,k01_s01,6,"[""bar"", ""baz"", ""foo"", ""quux"", ""qux"", ""test_calls""]",1,6,0.16666666666666666,1,6,1,24,254,000010,[4],"[""qux""]",false,RuntimeError,"artifact main_0x2_k01_s01 failed (exit 1):
Traceback (most recent call last):
  File ""/Users/robertmorelli/Documents/personal-repos/gradual_typing_cinder_benchmark/detyped_files/call_method_slots/shallow/proportion_sweep/main_0x2_k01_s01.py"", line 14, in <module>
    import __static__
ModuleNotFoundError: No module named '__static__'","{""message"": ""artifact main_0x2_k01_s01 failed (exit 1):\nTraceback (most recent call last):\n  File \""/Users/robertmorelli/Documents/personal-repos/gradual_typing_cinder_benchmark/detyped_files/call_method_slots/shallow/proportion_sweep/main_0x2_k01_s01.py\"", line 14, in <module>\n    import __static__\nModuleNotFoundError: No module named '__static__'"", ""type"": ""RuntimeError""}",8,0.1,0.05,50,51,10000,20,103632,9384,9384,0,[],[],[],[],[],[],,,,,,,,,,,[],[],[],[],[],[]
2026-04-15T22:36:43-06:00,2026-04-15T22:37:36-06:00,2026-04-15T22:37:38-06:00,1.6582601070404053,0,1,call_method_slots,shallow,call_method_slots/shallow,static-python-perf/Benchmark/call_method_slots/shallow/main.py,true,3349,fba4a9c20d14956af3305087dda0a0ff8078a40cae59778a921763b3e5913e4c,detyped_files/call_method_slots/shallow,detyped_files/call_method_slots/shallow/proportion_sweep/main_0xc_k02_s01.py,true,3297,8b3c184d5351a7f2a5a6b8a6b05ba83e1c9427b6659d1db45cec0fd925c8fae6,0xc,k02_s01,6,"[""bar"", ""baz"", ""foo"", ""quux"", ""qux"", ""test_calls""]",2,6,0.3333333333333333,1,15,1,25,254,001100,"[2, 3]","[""foo"", ""quux""]",false,RuntimeError,"artifact main_0xc_k02_s01 failed (exit 1):
Traceback (most recent call last):
  File ""/Users/robertmorelli/Documents/personal-repos/gradual_typing_cinder_benchmark/detyped_files/call_method_slots/shallow/proportion_sweep/main_0xc_k02_s01.py"", line 14, in <module>
    import __static__
ModuleNotFoundError: No module named '__static__'","{""message"": ""artifact main_0xc_k02_s01 failed (exit 1):\nTraceback (most recent call last):\n  File \""/Users/robertmorelli/Documents/personal-repos/gradual_typing_cinder_benchmark/detyped_files/call_method_slots/shallow/proportion_sweep/main_0xc_k02_s01.py\"", line 14, in <module>\n    import __static__\nModuleNotFoundError: No module named '__static__'"", ""type"": ""RuntimeError""}",8,0.1,0.05,50,51,10000,20,103632,9792,9792,0,[],[],[],[],[],[],,,,,,,,,,,[],[],[],[],[],[]
2026-04-15T22:36:43-06:00,2026-04-15T22:37:38-06:00,2026-04-15T22:37:40-06:00,1.802612066268921,0,1,call_method_slots,shallow,call_method_slots/shallow,static-python-perf/Benchmark/call_method_slots/shallow/main.py,true,3349,fba4a9c20d14956af3305087dda0a0ff8078a40cae59778a921763b3e5913e4c,detyped_files/call_method_slots/shallow,detyped_files/call_method_slots/shallow/proportion_sweep/main_0x38_k03_s01.py,true,3300,a732aa085ba734175c46f9ebd10a98c24e018fce3a6e31287c8ba311c3e827c9,0x38,k03_s01,6,"[""bar"", ""baz"", ""foo"", ""quux"", ""qux"", ""test_calls""]",3,6,0.5,1,20,1,26,254,111000,"[0, 1, 2]","[""bar"", ""baz"", ""foo""]",false,RuntimeError,"artifact main_0x38_k03_s01 failed (exit 1):
Traceback (most recent call last):
  File ""/Users/robertmorelli/Documents/personal-repos/gradual_typing_cinder_benchmark/detyped_files/call_method_slots/shallow/proportion_sweep/main_0x38_k03_s01.py"", line 14, in <module>
    import __static__
ModuleNotFoundError: No module named '__static__'","{""message"": ""artifact main_0x38_k03_s01 failed (exit 1):\nTraceback (most recent call last):\n  File \""/Users/robertmorelli/Documents/personal-repos/gradual_typing_cinder_benchmark/detyped_files/call_method_slots/shallow/proportion_sweep/main_0x38_k03_s01.py\"", line 14, in <module>\n    import __static__\nModuleNotFoundError: No module named '__static__'"", ""type"": ""RuntimeError""}",8,0.1,0.05,50,51,10000,20,103632,10200,10200,0,[],[],[],[],[],[],,,,,,,,,,,[],[],[],[],[],[]
2026-04-15T22:36:43-06:00,2026-04-15T22:37:40-06:00,2026-04-15T22:37:41-06:00,1.8003888130187988,0,1,call_method_slots,shallow,call_method_slots/shallow,static-python-perf/Benchmark/call_method_slots/shallow/main.py,true,3349,fba4a9c20d14956af3305087dda0a0ff8078a40cae59778a921763b3e5913e4c,detyped_files/call_method_slots/shallow,detyped_files/call_method_slots/shallow/proportion_sweep/main_0x33_k04_s01.py,true,3312,2f940d8d61d054c96202c1faad96e5104f4481fe2348cba5f08aa8cdc5161f24,0x33,k04_s01,6,"[""bar"", ""baz"", ""foo"", ""quux"", ""qux"", ""test_calls""]",4,6,0.6666666666666666,1,15,1,27,254,110011,"[0, 1, 4, 5]","[""bar"", ""baz"", ""qux"", ""test_calls""]",false,RuntimeError,"artifact main_0x33_k04_s01 failed (exit 1):
Traceback (most recent call last):
  File ""/Users/robertmorelli/Documents/personal-repos/gradual_typing_cinder_benchmark/detyped_files/call_method_slots/shallow/proportion_sweep/main_0x33_k04_s01.py"", line 14, in <module>
    import __static__
ModuleNotFoundError: No module named '__static__'","{""message"": ""artifact main_0x33_k04_s01 failed (exit 1):\nTraceback (most recent call last):\n  File \""/Users/robertmorelli/Documents/personal-repos/gradual_typing_cinder_benchmark/detyped_files/call_method_slots/shallow/proportion_sweep/main_0x33_k04_s01.py\"", line 14, in <module>\n    import __static__\nModuleNotFoundError: No module named '__static__'"", ""type"": ""RuntimeError""}",8,0.1,0.05,50,51,10000,20,103632,10608,10608,0,[],[],[],[],[],[],,,,,,,,,,,[],[],[],[],[],[]
2026-04-15T22:36:43-06:00,2026-04-15T22:37:41-06:00,2026-04-15T22:37:43-06:00,1.783717155456543,0,1,call_method_slots,shallow,call_method_slots/shallow,static-python-perf/Benchmark/call_method_slots/shallow/main.py,true,3349,fba4a9c20d14956af3305087dda0a0ff8078a40cae59778a921763b3e5913e4c,detyped_files/call_method_slots/shallow,detyped_files/call_method_slots/shallow/proportion_sweep/main_0x3e_k05_s01.py,true,3341,9853cf74337571a2e8508a1da00eaac27e5a661b58cc66b738d9a2a9d935e7b4,0x3e,k05_s01,6,"[""bar"", ""baz"", ""foo"", ""quux"", ""qux"", ""test_calls""]",5,6,0.8333333333333334,1,6,1,28,254,111110,"[0, 1, 2, 3, 4]","[""bar"", ""baz"", ""foo"", ""quux"", ""qux""]",false,RuntimeError,"artifact main_0x3e_k05_s01 failed (exit 1):
Traceback (most recent call last):
  File ""/Users/robertmorelli/Documents/personal-repos/gradual_typing_cinder_benchmark/detyped_files/call_method_slots/shallow/proportion_sweep/main_0x3e_k05_s01.py"", line 14, in <module>
    import __static__
ModuleNotFoundError: No module named '__static__'","{""message"": ""artifact main_0x3e_k05_s01 failed (exit 1):\nTraceback (most recent call last):\n  File \""/Users/robertmorelli/Documents/personal-repos/gradual_typing_cinder_benchmark/detyped_files/call_method_slots/shallow/proportion_sweep/main_0x3e_k05_s01.py\"", line 14, in <module>\n    import __static__\nModuleNotFoundError: No module named '__static__'"", ""type"": ""RuntimeError""}",8,0.1,0.05,50,51,10000,20,103632,11016,11016,0,[],[],[],[],[],[],,,,,,,,,,,[],[],[],[],[],[]
2026-04-15T22:36:43-06:00,2026-04-15T22:37:43-06:00,2026-04-15T22:37:45-06:00,1.790241003036499,0,1,call_method_slots,shallow,call_method_slots/shallow,static-python-perf/Benchmark/call_method_slots/shallow/main.py,true,3349,fba4a9c20d14956af3305087dda0a0ff8078a40cae59778a921763b3e5913e4c,detyped_files/call_method_slots/shallow,detyped_files/call_method_slots/shallow/proportion_sweep/main_0x3f_k06_s01.py,true,3333,d22484c528eb625c3c18afd0bfad4b11a01d9cf9a4d84fc5c94d6a99785bcb95,0x3f,k06_s01,6,"[""bar"", ""baz"", ""foo"", ""quux"", ""qux"", ""test_calls""]",6,6,1.0,1,1,1,29,254,111111,"[0, 1, 2, 3, 4, 5]","[""bar"", ""baz"", ""foo"", ""quux"", ""qux"", ""test_calls""]",false,RuntimeError,"artifact main_0x3f_k06_s01 failed (exit 1):
Traceback (most recent call last):
  File ""/Users/robertmorelli/Documents/personal-repos/gradual_typing_cinder_benchmark/detyped_files/call_method_slots/shallow/proportion_sweep/main_0x3f_k06_s01.py"", line 14, in <module>
    import __static__
ModuleNotFoundError: No module named '__static__'","{""message"": ""artifact main_0x3f_k06_s01 failed (exit 1):\nTraceback (most recent call last):\n  File \""/Users/robertmorelli/Documents/personal-repos/gradual_typing_cinder_benchmark/detyped_files/call_method_slots/shallow/proportion_sweep/main_0x3f_k06_s01.py\"", line 14, in <module>\n    import __static__\nModuleNotFoundError: No module named '__static__'"", ""type"": ""RuntimeError""}",8,0.1,0.05,50,51,10000,20,103632,11424,11424,0,[],[],[],[],[],[],,,,,,,,,,,[],[],[],[],[],[]
2026-04-15T22:36:43-06:00,2026-04-15T22:37:45-06:00,2026-04-15T22:37:47-06:00,1.589284896850586,0,1,call_method_slots,untyped,call_method_slots/untyped,static-python-perf/Benchmark/call_method_slots/untyped/main.py,true,3174,a48c4546f71fb6415a4b9501b9f4c975e3f6204eb8fc13d639d387b86dfe51d0,static-python-perf/Benchmark/call_method_slots/untyped,static-python-perf/Benchmark/call_method_slots/untyped/main.py,true,3174,a48c4546f71fb6415a4b9501b9f4c975e3f6204eb8fc13d639d387b86dfe51d0,,untyped,0,[],0,0,0.0,1,1,1,30,254,,[],[],true,,,,8,0.1,0.05,50,51,10000,20,103632,11832,11840,8,"[1, 1, 1, 1, 1, 1, 1, 1]","[[], [], [], [], [], [], [], []]","[0, 0, 0, 0, 0, 0, 0, 0]","[""0.132537841796875\n"", ""0.1460108757019043\n"", ""0.13118886947631836\n"", ""0.12823820114135742\n"", ""0.12689423561096191\n"", ""0.12006878852844238\n"", ""0.1189267635345459\n"", ""0.11914181709289551\n""]","["""", """", """", """", """", """", """", """"]","[0.132537841796875, 0.1460108757019043, 0.13118886947631836, 0.12823820114135742, 0.12689423561096191, 0.12006878852844238, 0.1189267635345459, 0.11914181709289551]",0.1189267635345459,0.1460108757019043,0.12756621837615967,0.1278759241104126,0.009102621098947522,8,1,true,0.12250018119812012,0.1341579556465149,[8],[0.1278759241104126],[0.009102621098947522],[0.12250018119812012],[0.1341579556465149],[true]
2026-04-15T22:36:43-06:00,2026-04-15T22:37:47-06:00,2026-04-15T22:37:48-06:00,1.6561992168426514,0,1,call_simple,advanced,call_simple/advanced,static-python-perf/Benchmark/call_simple/advanced/main.py,true,2353,9cfa24230c27bf65e450de63f7a4c8d013d35df4ed7e25c4872e836f0a8a4c2a,detyped_files/call_simple/advanced,detyped_files/call_simple/advanced/proportion_sweep/main_0x0_k00_s01.py,true,2267,58d6ac1e0d5f339526af3a4ef53c8a4e762e72a1f4f9a1027b51dd23794422a7,0x0,k00_s01,6,"[""bar"", ""baz"", ""foo"", ""quux"", ""qux"", ""test_calls""]",0,6,0.0,1,1,1,31,254,000000,[],[],false,RuntimeError,"artifact main_0x0_k00_s01 failed (exit 1):
Traceback (most recent call last):
  File ""/Users/robertmorelli/Documents/personal-repos/gradual_typing_cinder_benchmark/detyped_files/call_simple/advanced/proportion_sweep/main_0x0_k00_s01.py"", line 13, in <module>
    import __static__
ModuleNotFoundError: No module named '__static__'","{""message"": ""artifact main_0x0_k00_s01 failed (exit 1):\nTraceback (most recent call last):\n  File \""/Users/robertmorelli/Documents/personal-repos/gradual_typing_cinder_benchmark/detyped_files/call_simple/advanced/proportion_sweep/main_0x0_k00_s01.py\"", line 13, in <module>\n    import __static__\nModuleNotFoundError: No module named '__static__'"", ""type"": ""RuntimeError""}",8,0.1,0.05,50,51,10000,20,103632,12240,12240,0,[],[],[],[],[],[],,,,,,,,,,,[],[],[],[],[],[]
2026-04-15T22:36:43-06:00,2026-04-15T22:37:48-06:00,2026-04-15T22:37:50-06:00,1.7641339302062988,0,1,call_simple,advanced,call_simple/advanced,static-python-perf/Benchmark/call_simple/advanced/main.py,true,2353,9cfa24230c27bf65e450de63f7a4c8d013d35df4ed7e25c4872e836f0a8a4c2a,detyped_files/call_simple/advanced,detyped_files/call_simple/advanced/proportion_sweep/main_0x8_k01_s01.py,true,3322,d17b3e62ef9e1d87fe24aab0b3de3495e7ee70eba4142e8a9f49e14fa1808a2d,0x8,k01_s01,6,"[""bar"", ""baz"", ""foo"", ""quux"", ""qux"", ""test_calls""]",1,6,0.16666666666666666,1,6,1,32,254,001000,[2],"[""foo""]",false,RuntimeError,"artifact main_0x8_k01_s01 failed (exit 1):
Traceback (most recent call last):
  File ""/Users/robertmorelli/Documents/personal-repos/gradual_typing_cinder_benchmark/detyped_files/call_simple/advanced/proportion_sweep/main_0x8_k01_s01.py"", line 13, in <module>
    import __static__
ModuleNotFoundError: No module named '__static__'","{""message"": ""artifact main_0x8_k01_s01 failed (exit 1):\nTraceback (most recent call last):\n  File \""/Users/robertmorelli/Documents/personal-repos/gradual_typing_cinder_benchmark/detyped_files/call_simple/advanced/proportion_sweep/main_0x8_k01_s01.py\"", line 13, in <module>\n    import __static__\nModuleNotFoundError: No module named '__static__'"", ""type"": ""RuntimeError""}",8,0.1,0.05,50,51,10000,20,103632,12648,12648,0,[],[],[],[],[],[],,,,,,,,,,,[],[],[],[],[],[]
2026-04-15T22:36:43-06:00,2026-04-15T22:37:50-06:00,2026-04-15T22:37:52-06:00,1.7389121055603027,0,1,call_simple,advanced,call_simple/advanced,static-python-perf/Benchmark/call_simple/advanced/main.py,true,2353,9cfa24230c27bf65e450de63f7a4c8d013d35df4ed7e25c4872e836f0a8a4c2a,detyped_files/call_simple/advanced,detyped_files/call_simple/advanced/proportion_sweep/main_0x6_k02_s01.py,true,2537,5b26daf593522edeb1531ec7d4e0458a7f7cd9052d1a6452b070c959a4e144b6,0x6,k02_s01,6,"[""bar"", ""baz"", ""foo"", ""quux"", ""qux"", ""test_calls""]",2,6,0.3333333333333333,1,15,1,33,254,000110,"[3, 4]","[""quux"", ""qux""]",false,RuntimeError,"artifact main_0x6_k02_s01 failed (exit 1):
Traceback (most recent call last):
  File ""/Users/robertmorelli/Documents/personal-repos/gradual_typing_cinder_benchmark/detyped_files/call_simple/advanced/proportion_sweep/main_0x6_k02_s01.py"", line 13, in <module>
    import __static__
ModuleNotFoundError: No module named '__static__'","{""message"": ""artifact main_0x6_k02_s01 failed (exit 1):\nTraceback (most recent call last):\n  File \""/Users/robertmorelli/Documents/personal-repos/gradual_typing_cinder_benchmark/detyped_files/call_simple/advanced/proportion_sweep/main_0x6_k02_s01.py\"", line 13, in <module>\n    import __static__\nModuleNotFoundError: No module named '__static__'"", ""type"": ""RuntimeError""}",8,0.1,0.05,50,51,10000,20,103632,13056,13056,0,[],[],[],[],[],[],,,,,,,,,,,[],[],[],[],[],[]
2026-04-15T22:36:43-06:00,2026-04-15T22:37:52-06:00,2026-04-15T22:37:54-06:00,1.6925063133239746,0,1,call_simple,advanced,call_simple/advanced,static-python-perf/Benchmark/call_simple/advanced/main.py,true,2353,9cfa24230c27bf65e450de63f7a4c8d013d35df4ed7e25c4872e836f0a8a4c2a,detyped_files/call_simple/advanced,detyped_files/call_simple/advanced/proportion_sweep/main_0x2a_k03_s01.py,true,4083,e3c1b5cfb8716cfb889ea203bab2247cb49d72619e53d1c9b237235a8e826f01,0x2a,k03_s01,6,"[""bar"", ""baz"", ""foo"", ""quux"", ""qux"", ""test_calls""]",3,6,0.5,1,20,1,34,254,101010,"[0, 2, 4]","[""bar"", ""foo"", ""qux""]",false,RuntimeError,"artifact main_0x2a_k03_s01 failed (exit 1):
Traceback (most recent call last):
  File ""/Users/robertmorelli/Documents/personal-repos/gradual_typing_cinder_benchmark/detyped_files/call_simple/advanced/proportion_sweep/main_0x2a_k03_s01.py"", line 13, in <module>
    import __static__
ModuleNotFoundError: No module named '__static__'","{""message"": ""artifact main_0x2a_k03_s01 failed (exit 1):\nTraceback (most recent call last):\n  File \""/Users/robertmorelli/Documents/personal-repos/gradual_typing_cinder_benchmark/detyped_files/call_simple/advanced/proportion_sweep/main_0x2a_k03_s01.py\"", line 13, in <module>\n    import __static__\nModuleNotFoundError: No module named '__static__'"", ""type"": ""RuntimeError""}",8,0.1,0.05,50,51,10000,20,103632,13464,13464,0,[],[],[],[],[],[],,,,,,,,,,,[],[],[],[],[],[]
2026-04-15T22:36:43-06:00,2026-04-15T22:37:54-06:00,2026-04-15T22:37:56-06:00,1.8620631694793701,0,1,call_simple,advanced,call_simple/advanced,static-python-perf/Benchmark/call_simple/advanced/main.py,true,2353,9cfa24230c27bf65e450de63f7a4c8d013d35df4ed7e25c4872e836f0a8a4c2a,detyped_files/call_simple/advanced,detyped_files/call_simple/advanced/proportion_sweep/main_0x2d_k04_s01.py,true,4334,c2b1fab869664216a031d72197525b1dbdac4422e1a87027b218db562f2753e3,0x2d,k04_s01,6,"[""bar"", ""baz"", ""foo"", ""quux"", ""qux"", ""test_calls""]",4,6,0.6666666666666666,1,15,1,35,254,101101,"[0, 2, 3, 5]","[""bar"", ""foo"", ""quux"", ""test_calls""]",false,RuntimeError,"artifact main_0x2d_k04_s01 failed (exit 1):
Traceback (most recent call last):
  File ""/Users/robertmorelli/Documents/personal-repos/gradual_typing_cinder_benchmark/detyped_files/call_simple/advanced/proportion_sweep/main_0x2d_k04_s01.py"", line 13, in <module>
    import __static__
ModuleNotFoundError: No module named '__static__'","{""message"": ""artifact main_0x2d_k04_s01 failed (exit 1):\nTraceback (most recent call last):\n  File \""/Users/robertmorelli/Documents/personal-repos/gradual_typing_cinder_benchmark/detyped_files/call_simple/advanced/proportion_sweep/main_0x2d_k04_s01.py\"", line 13, in <module>\n    import __static__\nModuleNotFoundError: No module named '__static__'"", ""type"": ""RuntimeError""}",8,0.1,0.05,50,51,10000,20,103632,13872,13872,0,[],[],[],[],[],[],,,,,,,,,,,[],[],[],[],[],[]
2026-04-15T22:36:43-06:00,2026-04-15T22:37:56-06:00,2026-04-15T22:37:57-06:00,1.603855848312378,0,1,call_simple,advanced,call_simple/advanced,static-python-perf/Benchmark/call_simple/advanced/main.py,true,2353,9cfa24230c27bf65e450de63f7a4c8d013d35df4ed7e25c4872e836f0a8a4c2a,detyped_files/call_simple/advanced,detyped_files/call_simple/advanced/proportion_sweep/main_0x3b_k05_s01.py,true,4585,802c3e0216c80dee6be9c2f373101a6d387ea3223367cadfb2ee383df53f47ec,0x3b,k05_s01,6,"[""bar"", ""baz"", ""foo"", ""quux"", ""qux"", ""test_calls""]",5,6,0.8333333333333334,1,6,1,36,254,111011,"[0, 1, 2, 4, 5]","[""bar"", ""baz"", ""foo"", ""qux"", ""test_calls""]",false,RuntimeError,"artifact main_0x3b_k05_s01 failed (exit 1):
Traceback (most recent call last):
  File ""/Users/robertmorelli/Documents/personal-repos/gradual_typing_cinder_benchmark/detyped_files/call_simple/advanced/proportion_sweep/main_0x3b_k05_s01.py"", line 13, in <module>
    import __static__
ModuleNotFoundError: No module named '__static__'","{""message"": ""artifact main_0x3b_k05_s01 failed (exit 1):\nTraceback (most recent call last):\n  File \""/Users/robertmorelli/Documents/personal-repos/gradual_typing_cinder_benchmark/detyped_files/call_simple/advanced/proportion_sweep/main_0x3b_k05_s01.py\"", line 13, in <module>\n    import __static__\nModuleNotFoundError: No module named '__static__'"", ""type"": ""RuntimeError""}",8,0.1,0.05,50,51,10000,20,103632,14280,14280,0,[],[],[],[],[],[],,,,,,,,,,,[],[],[],[],[],[]
2026-04-15T22:36:43-06:00,2026-04-15T22:37:57-06:00,2026-04-15T22:37:59-06:00,1.7757649421691895,0,1,call_simple,advanced,call_simple/advanced,static-python-perf/Benchmark/call_simple/advanced/main.py,true,2353,9cfa24230c27bf65e450de63f7a4c8d013d35df4ed7e25c4872e836f0a8a4c2a,detyped_files/call_simple/advanced,detyped_files/call_simple/advanced/proportion_sweep/main_0x3f_k06_s01.py,true,4836,b5a2561ea476650c94b3a1146a7c6579fed804409e5fa84d8210f1e73b9f0e3a,0x3f,k06_s01,6,"[""bar"", ""baz"", ""foo"", ""quux"", ""qux"", ""test_calls""]",6,6,1.0,1,1,1,37,254,111111,"[0, 1, 2, 3, 4, 5]","[""bar"", ""baz"", ""foo"", ""quux"", ""qux"", ""test_calls""]",false,RuntimeError,"artifact main_0x3f_k06_s01 failed (exit 1):
Traceback (most recent call last):
  File ""/Users/robertmorelli/Documents/personal-repos/gradual_typing_cinder_benchmark/detyped_files/call_simple/advanced/proportion_sweep/main_0x3f_k06_s01.py"", line 13, in <module>
    import __static__
ModuleNotFoundError: No module named '__static__'","{""message"": ""artifact main_0x3f_k06_s01 failed (exit 1):\nTraceback (most recent call last):\n  File \""/Users/robertmorelli/Documents/personal-repos/gradual_typing_cinder_benchmark/detyped_files/call_simple/advanced/proportion_sweep/main_0x3f_k06_s01.py\"", line 13, in <module>\n    import __static__\nModuleNotFoundError: No module named '__static__'"", ""type"": ""RuntimeError""}",8,0.1,0.05,50,51,10000,20,103632,14688,14688,0,[],[],[],[],[],[],,,,,,,,,,,[],[],[],[],[],[]
2026-04-15T22:36:43-06:00,2026-04-15T22:37:59-06:00,2026-04-15T22:38:01-06:00,1.8521690368652344,0,1,call_simple,shallow,call_simple/shallow,static-python-perf/Benchmark/call_simple/shallow/main.py,true,2307,ac1484868601817dca72bf157e30cabf004ece4709d245207155b50372f01263,detyped_files/call_simple/shallow,detyped_files/call_simple/shallow/proportion_sweep/main_0x0_k00_s01.py,true,2218,26397b5e6ce9402f9febcbf4e364b87b3881a0fcbf442d1ef893cdc6f9500d79,0x0,k00_s01,6,"[""bar"", ""baz"", ""foo"", ""quux"", ""qux"", ""test_calls""]",0,6,0.0,1,1,1,38,254,000000,[],[],false,RuntimeError,"artifact main_0x0_k00_s01 failed (exit 1):
Traceback (most recent call last):
  File ""/Users/robertmorelli/Documents/personal-repos/gradual_typing_cinder_benchmark/detyped_files/call_simple/shallow/proportion_sweep/main_0x0_k00_s01.py"", line 13, in <module>
    import __static__
ModuleNotFoundError: No module named '__static__'","{""message"": ""artifact main_0x0_k00_s01 failed (exit 1):\nTraceback (most recent call last):\n  File \""/Users/robertmorelli/Documents/personal-repos/gradual_typing_cinder_benchmark/detyped_files/call_simple/shallow/proportion_sweep/main_0x0_k00_s01.py\"", line 13, in <module>\n    import __static__\nModuleNotFoundError: No module named '__static__'"", ""type"": ""RuntimeError""}",8,0.1,0.05,50,51,10000,20,103632,15096,15096,0,[],[],[],[],[],[],,,,,,,,,,,[],[],[],[],[],[]
2026-04-15T22:36:43-06:00,2026-04-15T22:38:01-06:00,2026-04-15T22:38:03-06:00,1.818066120147705,0,1,call_simple,shallow,call_simple/shallow,static-python-perf/Benchmark/call_simple/shallow/main.py,true,2307,ac1484868601817dca72bf157e30cabf004ece4709d245207155b50372f01263,detyped_files/call_simple/shallow,detyped_files/call_simple/shallow/proportion_sweep/main_0x2_k01_s01.py,true,2210,92882340a90501bc70761a1625db0edc814fbfcbb73b510c78c857e9f6a4de14,0x2,k01_s01,6,"[""bar"", ""baz"", ""foo"", ""quux"", ""qux"", ""test_calls""]",1,6,0.16666666666666666,1,6,1,39,254,000010,[4],"[""qux""]",false,RuntimeError,"artifact main_0x2_k01_s01 failed (exit 1):
Traceback (most recent call last):
  File ""/Users/robertmorelli/Documents/personal-repos/gradual_typing_cinder_benchmark/detyped_files/call_simple/shallow/proportion_sweep/main_0x2_k01_s01.py"", line 13, in <module>
    import __static__
ModuleNotFoundError: No module named '__static__'","{""message"": ""artifact main_0x2_k01_s01 failed (exit 1):\nTraceback (most recent call last):\n  File \""/Users/robertmorelli/Documents/personal-repos/gradual_typing_cinder_benchmark/detyped_files/call_simple/shallow/proportion_sweep/main_0x2_k01_s01.py\"", line 13, in <module>\n    import __static__\nModuleNotFoundError: No module named '__static__'"", ""type"": ""RuntimeError""}",8,0.1,0.05,50,51,10000,20,103632,15504,15504,0,[],[],[],[],[],[],,,,,,,,,,,[],[],[],[],[],[]
2026-04-15T22:36:43-06:00,2026-04-15T22:38:03-06:00,2026-04-15T22:38:04-06:00,1.565720796585083,0,1,call_simple,shallow,call_simple/shallow,static-python-perf/Benchmark/call_simple/shallow/main.py,true,2307,ac1484868601817dca72bf157e30cabf004ece4709d245207155b50372f01263,detyped_files/call_simple/shallow,detyped_files/call_simple/shallow/proportion_sweep/main_0xc_k02_s01.py,true,2177,18240550b9c514c4477924cf931cd71729bffbb1b3e5f3bbc08fdf6fba1335e3,0xc,k02_s01,6,"[""bar"", ""baz"", ""foo"", ""quux"", ""qux"", ""test_calls""]",2,6,0.3333333333333333,1,15,1,40,254,001100,"[2, 3]","[""foo"", ""quux""]",false,RuntimeError,"artifact main_0xc_k02_s01 failed (exit 1):
Traceback (most recent call last):
  File ""/Users/robertmorelli/Documents/personal-repos/gradual_typing_cinder_benchmark/detyped_files/call_simple/shallow/proportion_sweep/main_0xc_k02_s01.py"", line 13, in <module>
    import __static__
ModuleNotFoundError: No module named '__static__'","{""message"": ""artifact main_0xc_k02_s01 failed (exit 1):\nTraceback (most recent call last):\n  File \""/Users/robertmorelli/Documents/personal-repos/gradual_typing_cinder_benchmark/detyped_files/call_simple/shallow/proportion_sweep/main_0xc_k02_s01.py\"", line 13, in <module>\n    import __static__\nModuleNotFoundError: No module named '__static__'"", ""type"": ""RuntimeError""}",8,0.1,0.05,50,51,10000,20,103632,15912,15912,0,[],[],[],[],[],[],,,,,,,,,,,[],[],[],[],[],[]
2026-04-15T22:36:43-06:00,2026-04-15T22:38:04-06:00,2026-04-15T22:38:06-06:00,1.8057799339294434,0,1,call_simple,shallow,call_simple/shallow,static-python-perf/Benchmark/call_simple/shallow/main.py,true,2307,ac1484868601817dca72bf157e30cabf004ece4709d245207155b50372f01263,detyped_files/call_simple/shallow,detyped_files/call_simple/shallow/proportion_sweep/main_0x1a_k03_s01.py,true,2164,3aa939e980aaedf47ea84b20a8ef33ddd55548904bb9d089d72662499fa9c6d7,0x1a,k03_s01,6,"[""bar"", ""baz"", ""foo"", ""quux"", ""qux"", ""test_calls""]",3,6,0.5,1,20,1,41,254,011010,"[1, 2, 4]","[""baz"", ""foo"", ""qux""]",false,RuntimeError,"artifact main_0x1a_k03_s01 failed (exit 1):
Traceback (most recent call last):
  File ""/Users/robertmorelli/Documents/personal-repos/gradual_typing_cinder_benchmark/detyped_files/call_simple/shallow/proportion_sweep/main_0x1a_k03_s01.py"", line 13, in <module>
    import __static__
ModuleNotFoundError: No module named '__static__'","{""message"": ""artifact main_0x1a_k03_s01 failed (exit 1):\nTraceback (most recent call last):\n  File \""/Users/robertmorelli/Documents/personal-repos/gradual_typing_cinder_benchmark/detyped_files/call_simple/shallow/proportion_sweep/main_0x1a_k03_s01.py\"", line 13, in <module>\n    import __static__\nModuleNotFoundError: No module named '__static__'"", ""type"": ""RuntimeError""}",8,0.1,0.05,50,51,10000,20,103632,16320,16320,0,[],[],[],[],[],[],,,,,,,,,,,[],[],[],[],[],[]
2026-04-15T22:36:43-06:00,2026-04-15T22:38:06-06:00,2026-04-15T22:38:08-06:00,1.653508186340332,0,1,call_simple,shallow,call_simple/shallow,static-python-perf/Benchmark/call_simple/shallow/main.py,true,2307,ac1484868601817dca72bf157e30cabf004ece4709d245207155b50372f01263,detyped_files/call_simple/shallow,detyped_files/call_simple/shallow/proportion_sweep/main_0x33_k04_s01.py,true,2161,13d2798147c1737fdb45977ba3d44b43db4fd27149315a0b61d29d07c38472b1,0x33,k04_s01,6,"[""bar"", ""baz"", ""foo"", ""quux"", ""qux"", ""test_calls""]",4,6,0.6666666666666666,1,15,1,42,254,110011,"[0, 1, 4, 5]","[""bar"", ""baz"", ""qux"", ""test_calls""]",false,RuntimeError,"artifact main_0x33_k04_s01 failed (exit 1):
Traceback (most recent call last):
  File ""/Users/robertmorelli/Documents/personal-repos/gradual_typing_cinder_benchmark/detyped_files/call_simple/shallow/proportion_sweep/main_0x33_k04_s01.py"", line 13, in <module>
    import __static__
ModuleNotFoundError: No module named '__static__'","{""message"": ""artifact main_0x33_k04_s01 failed (exit 1):\nTraceback (most recent call last):\n  File \""/Users/robertmorelli/Documents/personal-repos/gradual_typing_cinder_benchmark/detyped_files/call_simple/shallow/proportion_sweep/main_0x33_k04_s01.py\"", line 13, in <module>\n    import __static__\nModuleNotFoundError: No module named '__static__'"", ""type"": ""RuntimeError""}",8,0.1,0.05,50,51,10000,20,103632,16728,16728,0,[],[],[],[],[],[],,,,,,,,,,,[],[],[],[],[],[]
2026-04-15T22:36:43-06:00,2026-04-15T22:38:08-06:00,2026-04-15T22:38:10-06:00,1.8497285842895508,0,1,call_simple,shallow,call_simple/shallow,static-python-perf/Benchmark/call_simple/shallow/main.py,true,2307,ac1484868601817dca72bf157e30cabf004ece4709d245207155b50372f01263,detyped_files/call_simple/shallow,detyped_files/call_simple/shallow/proportion_sweep/main_0x2f_k05_s01.py,true,2138,53f17519ad50226a1260801d23bf1af95350bc4b3cf1e94ffcfc1d6063ee3cee,0x2f,k05_s01,6,"[""bar"", ""baz"", ""foo"", ""quux"", ""qux"", ""test_calls""]",5,6,0.8333333333333334,1,6,1,43,254,101111,"[0, 2, 3, 4, 5]","[""bar"", ""foo"", ""quux"", ""qux"", ""test_calls""]",false,RuntimeError,"artifact main_0x2f_k05_s01 failed (exit 1):
Traceback (most recent call last):
  File ""/Users/robertmorelli/Documents/personal-repos/gradual_typing_cinder_benchmark/detyped_files/call_simple/shallow/proportion_sweep/main_0x2f_k05_s01.py"", line 13, in <module>
    import __static__
ModuleNotFoundError: No module named '__static__'","{""message"": ""artifact main_0x2f_k05_s01 failed (exit 1):\nTraceback (most recent call last):\n  File \""/Users/robertmorelli/Documents/personal-repos/gradual_typing_cinder_benchmark/detyped_files/call_simple/shallow/proportion_sweep/main_0x2f_k05_s01.py\"", line 13, in <module>\n    import __static__\nModuleNotFoundError: No module named '__static__'"", ""type"": ""RuntimeError""}",8,0.1,0.05,50,51,10000,20,103632,17136,17136,0,[],[],[],[],[],[],,,,,,,,,,,[],[],[],[],[],[]
2026-04-15T22:36:43-06:00,2026-04-15T22:38:10-06:00,2026-04-15T22:38:12-06:00,1.846315860748291,0,1,call_simple,shallow,call_simple/shallow,static-python-perf/Benchmark/call_simple/shallow/main.py,true,2307,ac1484868601817dca72bf157e30cabf004ece4709d245207155b50372f01263,detyped_files/call_simple/shallow,detyped_files/call_simple/shallow/proportion_sweep/main_0x3f_k06_s01.py,true,2120,b9980216f746c67a967280f8758c8132d47f1dfba2a36646060b127e920f259e,0x3f,k06_s01,6,"[""bar"", ""baz"", ""foo"", ""quux"", ""qux"", ""test_calls""]",6,6,1.0,1,1,1,44,254,111111,"[0, 1, 2, 3, 4, 5]","[""bar"", ""baz"", ""foo"", ""quux"", ""qux"", ""test_calls""]",false,RuntimeError,"artifact main_0x3f_k06_s01 failed (exit 1):
Traceback (most recent call last):
  File ""/Users/robertmorelli/Documents/personal-repos/gradual_typing_cinder_benchmark/detyped_files/call_simple/shallow/proportion_sweep/main_0x3f_k06_s01.py"", line 13, in <module>
    import __static__
ModuleNotFoundError: No module named '__static__'","{""message"": ""artifact main_0x3f_k06_s01 failed (exit 1):\nTraceback (most recent call last):\n  File \""/Users/robertmorelli/Documents/personal-repos/gradual_typing_cinder_benchmark/detyped_files/call_simple/shallow/proportion_sweep/main_0x3f_k06_s01.py\"", line 13, in <module>\n    import __static__\nModuleNotFoundError: No module named '__static__'"", ""type"": ""RuntimeError""}",8,0.1,0.05,50,51,10000,20,103632,17544,17544,0,[],[],[],[],[],[],,,,,,,,,,,[],[],[],[],[],[]
2026-04-15T22:36:43-06:00,2026-04-15T22:38:12-06:00,2026-04-15T22:38:15-06:00,2.85998797416687,0,1,call_simple,untyped,call_simple/untyped,static-python-perf/Benchmark/call_simple/untyped/main.py,true,2189,d8fc35f3a10352d4889894ea6733e1afafb6f5201877c1460c7827e0bda3ef1f,static-python-perf/Benchmark/call_simple/untyped,static-python-perf/Benchmark/call_simple/untyped/main.py,true,2189,d8fc35f3a10352d4889894ea6733e1afafb6f5201877c1460c7827e0bda3ef1f,,untyped,0,[],0,0,0.0,1,1,1,45,254,,[],[],true,,,,8,0.1,0.05,50,51,10000,20,103632,17952,17968,16,"[1, 1, 1, 1, 1, 1, 1, 1, 1, 1, 1, 1, 1, 1, 1, 1]","[[], [], [], [], [], [], [], [], [], [], [], [], [], [], [], []]","[0, 0, 0, 0, 0, 0, 0, 0, 0, 0, 0, 0, 0, 0, 0, 0]","[""0.0905311107635498\n"", ""0.08380722999572754\n"", ""0.10142374038696289\n"", ""0.1131126880645752\n"", ""0.16675591468811035\n"", ""0.10456299781799316\n"", ""0.11616396903991699\n"", ""0.09512519836425781\n"", ""0.12137293815612793\n"", ""0.12288999557495117\n"", ""0.09012293815612793\n"", ""0.11727786064147949\n"", ""0.11720681190490723\n"", ""0.12095427513122559\n"", ""0.10865163803100586\n"", ""0.09983396530151367\n""]","["""", """", """", """", """", """", """", """", """", """", """", """", """", """", """", """"]","[0.0905311107635498, 0.08380722999572754, 0.10142374038696289, 0.1131126880645752, 0.16675591468811035, 0.10456299781799316, 0.11616396903991699, 0.09512519836425781, 0.12137293815612793, 0.12288999557495117, 0.09012293815612793, 0.11727786064147949, 0.11720681190490723, 0.12095427513122559, 0.10865163803100586, 0.09983396530151367]",0.08380722999572754,0.16675591468811035,0.11088216304779053,0.11061207950115204,0.019447460674997367,16,2,true,0.10218210518360138,0.12075644731521606,"[8, 16]","[0.10893535614013672, 0.11061207950115204]","[0.025771859667329363, 0.019447460674997367]","[0.09479519724845886, 0.10218210518360138]","[0.12776333093643188, 0.12075644731521606]","[false, true]"
2026-04-15T22:36:43-06:00,2026-04-15T22:38:15-06:00,2026-04-15T22:38:17-06:00,2.5303239822387695,0,1,chaos,advanced,chaos/advanced,static-python-perf/Benchmark/chaos/advanced/main.py,true,8812,a08e4ae5b95a46c1e9b07d12342fbee370310eacb6e5ead3ab7af54f69c17307,detyped_files/chaos/advanced,detyped_files/chaos/advanced/proportion_sweep/main_0x0_k00_s01.py,true,8118,a7a79b4c6be70b6aa4a105273659ef6ec65e7c24bc5accbd2f4a1e3cd1865aa6,0x0,k00_s01,5,"[""GetDomain"", ""Mag"", ""dist"", ""linear_combination"", ""transform_point""]",0,5,0.0,1,1,1,46,254,00000,[],[],false,RuntimeError,"artifact main_0x0_k00_s01 failed (exit 1):
Traceback (most recent call last):
  File ""/Users/robertmorelli/Documents/personal-repos/gradual_typing_cinder_benchmark/detyped_files/chaos/advanced/proportion_sweep/main_0x0_k00_s01.py"", line 25, in <module>
    from __static__ import CheckedList
ModuleNotFoundError: No module named '__static__'","{""message"": ""artifact main_0x0_k00_s01 failed (exit 1):\nTraceback (most recent call last):\n  File \""/Users/robertmorelli/Documents/personal-repos/gradual_typing_cinder_benchmark/detyped_files/chaos/advanced/proportion_sweep/main_0x0_k00_s01.py\"", line 25, in <module>\n    from __static__ import CheckedList\nModuleNotFoundError: No module named '__static__'"", ""type"": ""RuntimeError""}",8,0.1,0.05,50,51,10000,20,103632,18360,18360,0,[],[],[],[],[],[],,,,,,,,,,,[],[],[],[],[],[]
2026-04-15T22:36:43-06:00,2026-04-15T22:38:17-06:00,2026-04-15T22:38:19-06:00,1.925597906112671,0,1,chaos,advanced,chaos/advanced,static-python-perf/Benchmark/chaos/advanced/main.py,true,8812,a08e4ae5b95a46c1e9b07d12342fbee370310eacb6e5ead3ab7af54f69c17307,detyped_files/chaos/advanced,detyped_files/chaos/advanced/proportion_sweep/main_0x8_k01_s01.py,true,8109,62ca2c498c9a8c7c5200c84fcf6432708e98d40f68ac46490365ea80b184cbee,0x8,k01_s01,5,"[""GetDomain"", ""Mag"", ""dist"", ""linear_combination"", ""transform_point""]",1,5,0.2,1,5,1,47,254,01000,[1],"[""Mag""]",false,RuntimeError,"artifact main_0x8_k01_s01 failed (exit 1):
Traceback (most recent call last):
  File ""/Users/robertmorelli/Documents/personal-repos/gradual_typing_cinder_benchmark/detyped_files/chaos/advanced/proportion_sweep/main_0x8_k01_s01.py"", line 25, in <module>
    from __static__ import CheckedList
ModuleNotFoundError: No module named '__static__'","{""message"": ""artifact main_0x8_k01_s01 failed (exit 1):\nTraceback (most recent call last):\n  File \""/Users/robertmorelli/Documents/personal-repos/gradual_typing_cinder_benchmark/detyped_files/chaos/advanced/proportion_sweep/main_0x8_k01_s01.py\"", line 25, in <module>\n    from __static__ import CheckedList\nModuleNotFoundError: No module named '__static__'"", ""type"": ""RuntimeError""}",8,0.1,0.05,50,51,10000,20,103632,18768,18768,0,[],[],[],[],[],[],,,,,,,,,,,[],[],[],[],[],[]
2026-04-15T22:36:43-06:00,2026-04-15T22:38:19-06:00,2026-04-15T22:38:21-06:00,2.1232047080993652,0,1,chaos,advanced,chaos/advanced,static-python-perf/Benchmark/chaos/advanced/main.py,true,8812,a08e4ae5b95a46c1e9b07d12342fbee370310eacb6e5ead3ab7af54f69c17307,detyped_files/chaos/advanced,detyped_files/chaos/advanced/proportion_sweep/main_0x18_k02_s01.py,true,8095,f2092255bb7ebfa6ca7aca07ac10079b8470ecef9be9b543cfa2e9c0c27388f7,0x18,k02_s01,5,"[""GetDomain"", ""Mag"", ""dist"", ""linear_combination"", ""transform_point""]",2,5,0.4,1,10,1,48,254,11000,"[0, 1]","[""GetDomain"", ""Mag""]",false,RuntimeError,"artifact main_0x18_k02_s01 failed (exit 1):
Traceback (most recent call last):
  File ""/Users/robertmorelli/Documents/personal-repos/gradual_typing_cinder_benchmark/detyped_files/chaos/advanced/proportion_sweep/main_0x18_k02_s01.py"", line 25, in <module>
    from __static__ import CheckedList
ModuleNotFoundError: No module named '__static__'","{""message"": ""artifact main_0x18_k02_s01 failed (exit 1):\nTraceback (most recent call last):\n  File \""/Users/robertmorelli/Documents/personal-repos/gradual_typing_cinder_benchmark/detyped_files/chaos/advanced/proportion_sweep/main_0x18_k02_s01.py\"", line 25, in <module>\n    from __static__ import CheckedList\nModuleNotFoundError: No module named '__static__'"", ""type"": ""RuntimeError""}",8,0.1,0.05,50,51,10000,20,103632,19176,19176,0,[],[],[],[],[],[],,,,,,,,,,,[],[],[],[],[],[]
2026-04-15T22:36:43-06:00,2026-04-15T22:38:21-06:00,2026-04-15T22:38:23-06:00,1.9357819557189941,0,1,chaos,advanced,chaos/advanced,static-python-perf/Benchmark/chaos/advanced/main.py,true,8812,a08e4ae5b95a46c1e9b07d12342fbee370310eacb6e5ead3ab7af54f69c17307,detyped_files/chaos/advanced,detyped_files/chaos/advanced/proportion_sweep/main_0x16_k03_s01.py,true,8221,f16c0b9a8b80910001fa2319e1f30dff07ba238131c26f15c94e574b3f6bbff0,0x16,k03_s01,5,"[""GetDomain"", ""Mag"", ""dist"", ""linear_combination"", ""transform_point""]",3,5,0.6,1,10,1,49,254,10110,"[0, 2, 3]","[""GetDomain"", ""dist"", ""linear_combination""]",false,RuntimeError,"artifact main_0x16_k03_s01 failed (exit 1):
Traceback (most recent call last):
  File ""/Users/robertmorelli/Documents/personal-repos/gradual_typing_cinder_benchmark/detyped_files/chaos/advanced/proportion_sweep/main_0x16_k03_s01.py"", line 25, in <module>
    from __static__ import CheckedList
ModuleNotFoundError: No module named '__static__'","{""message"": ""artifact main_0x16_k03_s01 failed (exit 1):\nTraceback (most recent call last):\n  File \""/Users/robertmorelli/Documents/personal-repos/gradual_typing_cinder_benchmark/detyped_files/chaos/advanced/proportion_sweep/main_0x16_k03_s01.py\"", line 25, in <module>\n    from __static__ import CheckedList\nModuleNotFoundError: No module named '__static__'"", ""type"": ""RuntimeError""}",8,0.1,0.05,50,51,10000,20,103632,19584,19584,0,[],[],[],[],[],[],,,,,,,,,,,[],[],[],[],[],[]
2026-04-15T22:36:43-06:00,2026-04-15T22:38:23-06:00,2026-04-15T22:38:25-06:00,2.022170305252075,0,1,chaos,advanced,chaos/advanced,static-python-perf/Benchmark/chaos/advanced/main.py,true,8812,a08e4ae5b95a46c1e9b07d12342fbee370310eacb6e5ead3ab7af54f69c17307,detyped_files/chaos/advanced,detyped_files/chaos/advanced/proportion_sweep/main_0x17_k04_s01.py,true,8279,e3a60e4f84889434e898a0ef73fbc3741b52021618a6e35273086d386f9b4d79,0x17,k04_s01,5,"[""GetDomain"", ""Mag"", ""dist"", ""linear_combination"", ""transform_point""]",4,5,0.8,1,5,1,50,254,10111,"[0, 2, 3, 4]","[""GetDomain"", ""dist"", ""linear_combination"", ""transform_point""]",false,RuntimeError,"artifact main_0x17_k04_s01 failed (exit 1):
Traceback (most recent call last):
  File ""/Users/robertmorelli/Documents/personal-repos/gradual_typing_cinder_benchmark/detyped_files/chaos/advanced/proportion_sweep/main_0x17_k04_s01.py"", line 25, in <module>
    from __static__ import CheckedList
ModuleNotFoundError: No module named '__static__'","{""message"": ""artifact main_0x17_k04_s01 failed (exit 1):\nTraceback (most recent call last):\n  File \""/Users/robertmorelli/Documents/personal-repos/gradual_typing_cinder_benchmark/detyped_files/chaos/advanced/proportion_sweep/main_0x17_k04_s01.py\"", line 25, in <module>\n    from __static__ import CheckedList\nModuleNotFoundError: No module named '__static__'"", ""type"": ""RuntimeError""}",8,0.1,0.05,50,51,10000,20,103632,19992,19992,0,[],[],[],[],[],[],,,,,,,,,,,[],[],[],[],[],[]
2026-04-15T22:36:43-06:00,2026-04-15T22:38:25-06:00,2026-04-15T22:38:27-06:00,1.8483741283416748,0,1,chaos,advanced,chaos/advanced,static-python-perf/Benchmark/chaos/advanced/main.py,true,8812,a08e4ae5b95a46c1e9b07d12342fbee370310eacb6e5ead3ab7af54f69c17307,detyped_files/chaos/advanced,detyped_files/chaos/advanced/proportion_sweep/main_0x1f_k05_s01.py,true,8270,62e8ef2e70ea91bd75df4008871a4ba5ebce2454933ccd0c8aa4aacf60109b5a,0x1f,k05_s01,5,"[""GetDomain"", ""Mag"", ""dist"", ""linear_combination"", ""transform_point""]",5,5,1.0,1,1,1,51,254,11111,"[0, 1, 2, 3, 4]","[""GetDomain"", ""Mag"", ""dist"", ""linear_combination"", ""transform_point""]",false,RuntimeError,"artifact main_0x1f_k05_s01 failed (exit 1):
Traceback (most recent call last):
  File ""/Users/robertmorelli/Documents/personal-repos/gradual_typing_cinder_benchmark/detyped_files/chaos/advanced/proportion_sweep/main_0x1f_k05_s01.py"", line 25, in <module>
    from __static__ import CheckedList
ModuleNotFoundError: No module named '__static__'","{""message"": ""artifact main_0x1f_k05_s01 failed (exit 1):\nTraceback (most recent call last):\n  File \""/Users/robertmorelli/Documents/personal-repos/gradual_typing_cinder_benchmark/detyped_files/chaos/advanced/proportion_sweep/main_0x1f_k05_s01.py\"", line 25, in <module>\n    from __static__ import CheckedList\nModuleNotFoundError: No module named '__static__'"", ""type"": ""RuntimeError""}",8,0.1,0.05,50,51,10000,20,103632,20400,20400,0,[],[],[],[],[],[],,,,,,,,,,,[],[],[],[],[],[]
2026-04-15T22:36:43-06:00,2026-04-15T22:38:27-06:00,2026-04-15T22:38:29-06:00,2.0368378162384033,0,1,chaos,shallow,chaos/shallow,static-python-perf/Benchmark/chaos/shallow/main.py,true,10163,e98853d2019bfd56ba242e2eb90aff86c101c9010fa02be8813b50dc2d430066,detyped_files/chaos/shallow,detyped_files/chaos/shallow/proportion_sweep/main_0x0_k00_s01.py,true,8314,25b5ac8bdcaee5d65bad07a4b158f07805ff7b4d116275dd2fae40941b85b22b,0x0,k00_s01,5,"[""GetDomain"", ""Mag"", ""dist"", ""linear_combination"", ""transform_point""]",0,5,0.0,1,1,1,52,254,00000,[],[],false,RuntimeError,"artifact main_0x0_k00_s01 failed (exit 1):
Traceback (most recent call last):
  File ""/Users/robertmorelli/Documents/personal-repos/gradual_typing_cinder_benchmark/detyped_files/chaos/shallow/proportion_sweep/main_0x0_k00_s01.py"", line 5, in <module>
    import __static__
ModuleNotFoundError: No module named '__static__'","{""message"": ""artifact main_0x0_k00_s01 failed (exit 1):\nTraceback (most recent call last):\n  File \""/Users/robertmorelli/Documents/personal-repos/gradual_typing_cinder_benchmark/detyped_files/chaos/shallow/proportion_sweep/main_0x0_k00_s01.py\"", line 5, in <module>\n    import __static__\nModuleNotFoundError: No module named '__static__'"", ""type"": ""RuntimeError""}",8,0.1,0.05,50,51,10000,20,103632,20808,20808,0,[],[],[],[],[],[],,,,,,,,,,,[],[],[],[],[],[]
2026-04-15T22:36:43-06:00,2026-04-15T22:38:29-06:00,2026-04-15T22:38:31-06:00,1.9965300559997559,0,1,chaos,shallow,chaos/shallow,static-python-perf/Benchmark/chaos/shallow/main.py,true,10163,e98853d2019bfd56ba242e2eb90aff86c101c9010fa02be8813b50dc2d430066,detyped_files/chaos/shallow,detyped_files/chaos/shallow/proportion_sweep/main_0x8_k01_s01.py,true,8305,d1633bde950f18105e32c0a5da7b342f382f368a8a568428e60cf07ea35eda99,0x8,k01_s01,5,"[""GetDomain"", ""Mag"", ""dist"", ""linear_combination"", ""transform_point""]",1,5,0.2,1,5,1,53,254,01000,[1],"[""Mag""]",false,RuntimeError,"artifact main_0x8_k01_s01 failed (exit 1):
Traceback (most recent call last):
  File ""/Users/robertmorelli/Documents/personal-repos/gradual_typing_cinder_benchmark/detyped_files/chaos/shallow/proportion_sweep/main_0x8_k01_s01.py"", line 5, in <module>
    import __static__
ModuleNotFoundError: No module named '__static__'","{""message"": ""artifact main_0x8_k01_s01 failed (exit 1):\nTraceback (most recent call last):\n  File \""/Users/robertmorelli/Documents/personal-repos/gradual_typing_cinder_benchmark/detyped_files/chaos/shallow/proportion_sweep/main_0x8_k01_s01.py\"", line 5, in <module>\n    import __static__\nModuleNotFoundError: No module named '__static__'"", ""type"": ""RuntimeError""}",8,0.1,0.05,50,51,10000,20,103632,21216,21216,0,[],[],[],[],[],[],,,,,,,,,,,[],[],[],[],[],[]
2026-04-15T22:36:43-06:00,2026-04-15T22:38:31-06:00,2026-04-15T22:38:33-06:00,1.9392518997192383,0,1,chaos,shallow,chaos/shallow,static-python-perf/Benchmark/chaos/shallow/main.py,true,10163,e98853d2019bfd56ba242e2eb90aff86c101c9010fa02be8813b50dc2d430066,detyped_files/chaos/shallow,detyped_files/chaos/shallow/proportion_sweep/main_0x3_k02_s01.py,true,8444,1442e896a20b393fc772e51339da150d3d643c7c26cd614a47f196ee73db7278,0x3,k02_s01,5,"[""GetDomain"", ""Mag"", ""dist"", ""linear_combination"", ""transform_point""]",2,5,0.4,1,10,1,54,254,00011,"[3, 4]","[""linear_combination"", ""transform_point""]",false,RuntimeError,"artifact main_0x3_k02_s01 failed (exit 1):
Traceback (most recent call last):
  File ""/Users/robertmorelli/Documents/personal-repos/gradual_typing_cinder_benchmark/detyped_files/chaos/shallow/proportion_sweep/main_0x3_k02_s01.py"", line 5, in <module>
    import __static__
ModuleNotFoundError: No module named '__static__'","{""message"": ""artifact main_0x3_k02_s01 failed (exit 1):\nTraceback (most recent call last):\n  File \""/Users/robertmorelli/Documents/personal-repos/gradual_typing_cinder_benchmark/detyped_files/chaos/shallow/proportion_sweep/main_0x3_k02_s01.py\"", line 5, in <module>\n    import __static__\nModuleNotFoundError: No module named '__static__'"", ""type"": ""RuntimeError""}",8,0.1,0.05,50,51,10000,20,103632,21624,21624,0,[],[],[],[],[],[],,,,,,,,,,,[],[],[],[],[],[]
2026-04-15T22:36:43-06:00,2026-04-15T22:38:33-06:00,2026-04-15T22:38:35-06:00,2.0757381916046143,0,1,chaos,shallow,chaos/shallow,static-python-perf/Benchmark/chaos/shallow/main.py,true,10163,e98853d2019bfd56ba242e2eb90aff86c101c9010fa02be8813b50dc2d430066,detyped_files/chaos/shallow,detyped_files/chaos/shallow/proportion_sweep/main_0xd_k03_s01.py,true,8436,1ce634d37039e5535a9c9419eba2a0b8f8474e74fec120fb06f87657e35f75ac,0xd,k03_s01,5,"[""GetDomain"", ""Mag"", ""dist"", ""linear_combination"", ""transform_point""]",3,5,0.6,1,10,1,55,254,01101,"[1, 2, 4]","[""Mag"", ""dist"", ""transform_point""]",false,RuntimeError,"artifact main_0xd_k03_s01 failed (exit 1):
Traceback (most recent call last):
  File ""/Users/robertmorelli/Documents/personal-repos/gradual_typing_cinder_benchmark/detyped_files/chaos/shallow/proportion_sweep/main_0xd_k03_s01.py"", line 5, in <module>
    import __static__
ModuleNotFoundError: No module named '__static__'","{""message"": ""artifact main_0xd_k03_s01 failed (exit 1):\nTraceback (most recent call last):\n  File \""/Users/robertmorelli/Documents/personal-repos/gradual_typing_cinder_benchmark/detyped_files/chaos/shallow/proportion_sweep/main_0xd_k03_s01.py\"", line 5, in <module>\n    import __static__\nModuleNotFoundError: No module named '__static__'"", ""type"": ""RuntimeError""}",8,0.1,0.05,50,51,10000,20,103632,22032,22032,0,[],[],[],[],[],[],,,,,,,,,,,[],[],[],[],[],[]
2026-04-15T22:36:43-06:00,2026-04-15T22:38:35-06:00,2026-04-15T22:38:37-06:00,1.9295437335968018,0,1,chaos,shallow,chaos/shallow,static-python-perf/Benchmark/chaos/shallow/main.py,true,10163,e98853d2019bfd56ba242e2eb90aff86c101c9010fa02be8813b50dc2d430066,detyped_files/chaos/shallow,detyped_files/chaos/shallow/proportion_sweep/main_0x1e_k04_s01.py,true,8403,f4a4cddf5c46534fca1d6408f3bd08b4e4d8e0f70efc7ce1151b8f9eac457358,0x1e,k04_s01,5,"[""GetDomain"", ""Mag"", ""dist"", ""linear_combination"", ""transform_point""]",4,5,0.8,1,5,1,56,254,11110,"[0, 1, 2, 3]","[""GetDomain"", ""Mag"", ""dist"", ""linear_combination""]",false,RuntimeError,"artifact main_0x1e_k04_s01 failed (exit 1):
Traceback (most recent call last):
  File ""/Users/robertmorelli/Documents/personal-repos/gradual_typing_cinder_benchmark/detyped_files/chaos/shallow/proportion_sweep/main_0x1e_k04_s01.py"", line 5, in <module>
    import __static__
ModuleNotFoundError: No module named '__static__'","{""message"": ""artifact main_0x1e_k04_s01 failed (exit 1):\nTraceback (most recent call last):\n  File \""/Users/robertmorelli/Documents/personal-repos/gradual_typing_cinder_benchmark/detyped_files/chaos/shallow/proportion_sweep/main_0x1e_k04_s01.py\"", line 5, in <module>\n    import __static__\nModuleNotFoundError: No module named '__static__'"", ""type"": ""RuntimeError""}",8,0.1,0.05,50,51,10000,20,103632,22440,22440,0,[],[],[],[],[],[],,,,,,,,,,,[],[],[],[],[],[]
2026-04-15T22:36:43-06:00,2026-04-15T22:38:37-06:00,2026-04-15T22:38:39-06:00,1.800293207168579,0,1,chaos,shallow,chaos/shallow,static-python-perf/Benchmark/chaos/shallow/main.py,true,10163,e98853d2019bfd56ba242e2eb90aff86c101c9010fa02be8813b50dc2d430066,detyped_files/chaos/shallow,detyped_files/chaos/shallow/proportion_sweep/main_0x1f_k05_s01.py,true,8461,a949b24a8ec0ed729b595a0506227383ba395abc672ff317299923e447d27848,0x1f,k05_s01,5,"[""GetDomain"", ""Mag"", ""dist"", ""linear_combination"", ""transform_point""]",5,5,1.0,1,1,1,57,254,11111,"[0, 1, 2, 3, 4]","[""GetDomain"", ""Mag"", ""dist"", ""linear_combination"", ""transform_point""]",false,RuntimeError,"artifact main_0x1f_k05_s01 failed (exit 1):
Traceback (most recent call last):
  File ""/Users/robertmorelli/Documents/personal-repos/gradual_typing_cinder_benchmark/detyped_files/chaos/shallow/proportion_sweep/main_0x1f_k05_s01.py"", line 5, in <module>
    import __static__
ModuleNotFoundError: No module named '__static__'","{""message"": ""artifact main_0x1f_k05_s01 failed (exit 1):\nTraceback (most recent call last):\n  File \""/Users/robertmorelli/Documents/personal-repos/gradual_typing_cinder_benchmark/detyped_files/chaos/shallow/proportion_sweep/main_0x1f_k05_s01.py\"", line 5, in <module>\n    import __static__\nModuleNotFoundError: No module named '__static__'"", ""type"": ""RuntimeError""}",8,0.1,0.05,50,51,10000,20,103632,22848,22848,0,[],[],[],[],[],[],,,,,,,,,,,[],[],[],[],[],[]
2026-04-15T22:36:43-06:00,2026-04-15T22:38:39-06:00,2026-04-15T22:38:47-06:00,7.670696258544922,0,1,chaos,untyped,chaos/untyped,static-python-perf/Benchmark/chaos/untyped/main.py,true,11034,a4f202513b17bff8f91c7ae7981c7dd068215157aa43cc5773a5e54cb5f5e99d,static-python-perf/Benchmark/chaos/untyped,static-python-perf/Benchmark/chaos/untyped/main.py,true,11034,a4f202513b17bff8f91c7ae7981c7dd068215157aa43cc5773a5e54cb5f5e99d,,untyped,0,[],0,0,0.0,1,1,1,58,254,,[],[],true,,,,8,0.1,0.05,50,51,10000,20,103632,23256,23296,40,"[1, 1, 1, 1, 1, 1, 1, 1, 1, 1, 1, 1, 1, 1, 1, 1, 1, 1, 1, 1, 1, 1, 1, 1, 1, 1, 1, 1, 1, 1, 1, 1, 1, 1, 1, 1, 1, 1, 1, 1]","[[], [], [], [], [], [], [], [], [], [], [], [], [], [], [], [], [], [], [], [], [], [], [], [], [], [], [], [], [], [], [], [], [], [], [], [], [], [], [], []]","[0, 0, 0, 0, 0, 0, 0, 0, 0, 0, 0, 0, 0, 0, 0, 0, 0, 0, 0, 0, 0, 0, 0, 0, 0, 0, 0, 0, 0, 0, 0, 0, 0, 0, 0, 0, 0, 0, 0, 0]","[""0.07273483276367188\n"", ""0.09521198272705078\n"", ""0.08202910423278809\n"", ""0.06975412368774414\n"", ""0.14260292053222656\n"", ""0.1053321361541748\n"", ""0.09326601028442383\n"", ""0.08729195594787598\n"", ""0.08076000213623047\n"", ""0.0735619068145752\n"", ""0.09784770011901855\n"", ""0.11511993408203125\n"", ""0.12494492530822754\n"", ""0.11821699142456055\n"", ""0.1231698989868164\n"", ""0.0719759464263916\n"", ""0.06459903717041016\n"", ""0.07252097129821777\n"", ""0.10686707496643066\n"", ""0.14113593101501465\n"", ""0.13211488723754883\n"", ""0.15247797966003418\n"", ""0.15856599807739258\n"", ""0.1753978729248047\n"", ""0.17075204849243164\n"", ""0.08745598793029785\n"", ""0.11353302001953125\n"", ""0.15618109703063965\n"", ""0.1310739517211914\n"", ""0.18764686584472656\n"", ""0.18567419052124023\n"", ""0.14436030387878418\n"", ""0.12151503562927246\n"", ""0.15237808227539062\n"", ""0.14907193183898926\n"", ""0.0979928970336914\n"", ""0.10877299308776855\n"", ""0.08194112777709961\n"", ""0.08160686492919922\n"", ""0.11593890190124512\n""]","["""", """", """", """", """", """", """", """", """", """", """", """", """", """", """", """", """", """", """", """", """", """", """", """", """", """", """", """", """", """", """", """", """", """", """", """", """", """", """", """"]","[0.07273483276367188, 0.09521198272705078, 0.08202910423278809, 0.06975412368774414, 0.14260292053222656, 0.1053321361541748, 0.09326601028442383, 0.08729195594787598, 0.08076000213623047, 0.0735619068145752, 0.09784770011901855, 0.11511993408203125, 0.12494492530822754, 0.11821699142456055, 0.1231698989868164, 0.0719759464263916, 0.06459903717041016, 0.07252097129821777, 0.10686707496643066, 0.14113593101501465, 0.13211488723754883, 0.15247797966003418, 0.15856599807739258, 0.1753978729248047, 0.17075204849243164, 0.08745598793029785, 0.11353302001953125, 0.15618109703063965, 0.1310739517211914, 0.18764686584472656, 0.18567419052124023, 0.14436030387878418, 0.12151503562927246, 0.15237808227539062, 0.14907193183898926, 0.0979928970336914, 0.10877299308776855, 0.08194112777709961, 0.08160686492919922, 0.11593890190124512]",0.06459903717041016,0.18764686584472656,0.11432647705078125,0.116084885597229,0.034716396464621053,40,5,true,0.10543919205665589,0.1267455518245697,"[8, 16, 24, 32, 40]","[0.0935278832912445, 0.09711377322673798, 0.10656250516573589, 0.11669304966926575, 0.116084885597229]","[0.023050428380994012, 0.022360340159951742, 0.03179227969874783, 0.03673000900548149, 0.034716396464621053]","[0.08051890134811401, 0.08708295226097107, 0.0945406158765157, 0.10443995147943497, 0.10543919205665589]","[0.10996246337890625, 0.10780675709247589, 0.11913516124089558, 0.12958916276693344, 0.1267455518245697]","[false, false, false, false, true]"
