benchmark,variant,sample,detyped,total,status,msg,path
call_method,advanced,0,13,21,RUNTIME_PASS,0.12446045875549316 | JIT: Jit/jit_list.cpp:41 -- Jit-list file: /jitlist_main.txt | ,benchmark_results/runtime_11x12_advanced_shallow/call_method/advanced/sample_00_13of21.py
call_method,advanced,1,12,21,RUNTIME_PASS,0.1798567771911621 | JIT: Jit/jit_list.cpp:41 -- Jit-list file: /jitlist_main.txt | ,benchmark_results/runtime_11x12_advanced_shallow/call_method/advanced/sample_01_12of21.py
call_method,advanced,2,13,21,RUNTIME_PASS,0.13975763320922852 | JIT: Jit/jit_list.cpp:41 -- Jit-list file: /jitlist_main.txt | ,benchmark_results/runtime_11x12_advanced_shallow/call_method/advanced/sample_02_13of21.py
call_method,advanced,3,12,21,RUNTIME_PASS,0.17233920097351074 | JIT: Jit/jit_list.cpp:41 -- Jit-list file: /jitlist_main.txt | ,benchmark_results/runtime_11x12_advanced_shallow/call_method/advanced/sample_03_12of21.py
call_method,advanced,4,12,21,RUNTIME_PASS,0.13888263702392578 | JIT: Jit/jit_list.cpp:41 -- Jit-list file: /jitlist_main.txt | ,benchmark_results/runtime_11x12_advanced_shallow/call_method/advanced/sample_04_12of21.py
call_method,advanced,5,9,21,RUNTIME_PASS,0.15309762954711914 | JIT: Jit/jit_list.cpp:41 -- Jit-list file: /jitlist_main.txt | ,benchmark_results/runtime_11x12_advanced_shallow/call_method/advanced/sample_05_9of21.py
call_method,advanced,6,13,21,RUNTIME_PASS,0.1511070728302002 | JIT: Jit/jit_list.cpp:41 -- Jit-list file: /jitlist_main.txt | ,benchmark_results/runtime_11x12_advanced_shallow/call_method/advanced/sample_06_13of21.py
call_method,advanced,7,12,21,RUNTIME_PASS,0.13986563682556152 | JIT: Jit/jit_list.cpp:41 -- Jit-list file: /jitlist_main.txt | ,benchmark_results/runtime_11x12_advanced_shallow/call_method/advanced/sample_07_12of21.py
call_method,advanced,8,10,21,RUNTIME_PASS,0.11784172058105469 | JIT: Jit/jit_list.cpp:41 -- Jit-list file: /jitlist_main.txt | ,benchmark_results/runtime_11x12_advanced_shallow/call_method/advanced/sample_08_10of21.py
call_method,advanced,9,12,21,RUNTIME_PASS,0.14367389678955078 | JIT: Jit/jit_list.cpp:41 -- Jit-list file: /jitlist_main.txt | ,benchmark_results/runtime_11x12_advanced_shallow/call_method/advanced/sample_09_12of21.py
call_method,advanced,10,13,21,RUNTIME_PASS,0.13601183891296387 | JIT: Jit/jit_list.cpp:41 -- Jit-list file: /jitlist_main.txt | ,benchmark_results/runtime_11x12_advanced_shallow/call_method/advanced/sample_10_13of21.py
call_method,advanced,11,13,21,RUNTIME_PASS,0.12341642379760742 | JIT: Jit/jit_list.cpp:41 -- Jit-list file: /jitlist_main.txt | ,benchmark_results/runtime_11x12_advanced_shallow/call_method/advanced/sample_11_13of21.py
call_method,shallow,0,9,21,RUNTIME_PASS,0.13359355926513672 | JIT: Jit/jit_list.cpp:41 -- Jit-list file: /jitlist_main.txt | ,benchmark_results/runtime_11x12_advanced_shallow/call_method/shallow/sample_00_9of21.py
call_method,shallow,1,11,21,RUNTIME_FAIL,,benchmark_results/runtime_11x12_advanced_shallow/call_method/shallow/sample_01_11of21.py
call_method,shallow,2,11,21,TC_FILTER_FAIL,"docker error: container create: Error response from daemon: Conflict. The container name ""/cinder-env-daemon"" is already in use by container ""3af09874c6164d0649ea1c361a7e895552ab28c8f1c3fc12bc8630d4332010fa"". You have to remove (or rename) that container to be able to reuse that name. | ",benchmark_results/runtime_11x12_advanced_shallow/call_method/shallow/sample_02_11of21.py
call_method,shallow,3,14,21,TC_FILTER_FAIL,"docker error: container create: Error response from daemon: Conflict. The container name ""/cinder-env-daemon"" is already in use by container ""4be5d654b012729daade1d1850324f6de314d285583dac6df678127ef562126f"". You have to remove (or rename) that container to be able to reuse that name. | ",benchmark_results/runtime_11x12_advanced_shallow/call_method/shallow/sample_03_14of21.py
call_method,shallow,4,11,21,RUNTIME_PASS,0.13925790786743164 | JIT: Jit/jit_list.cpp:41 -- Jit-list file: /jitlist_main.txt | ,benchmark_results/runtime_11x12_advanced_shallow/call_method/shallow/sample_04_11of21.py
call_method,shallow,5,15,21,RUNTIME_PASS,0.1394789218902588 | JIT: Jit/jit_list.cpp:41 -- Jit-list file: /jitlist_main.txt | ,benchmark_results/runtime_11x12_advanced_shallow/call_method/shallow/sample_05_15of21.py
call_method,shallow,6,9,21,RUNTIME_PASS,0.14189362525939941 | JIT: Jit/jit_list.cpp:41 -- Jit-list file: /jitlist_main.txt | ,benchmark_results/runtime_11x12_advanced_shallow/call_method/shallow/sample_06_9of21.py
call_method,shallow,7,11,21,RUNTIME_PASS,0.1376936435699463 | JIT: Jit/jit_list.cpp:41 -- Jit-list file: /jitlist_main.txt | ,benchmark_results/runtime_11x12_advanced_shallow/call_method/shallow/sample_07_11of21.py
call_method,shallow,8,9,21,RUNTIME_PASS,0.14473199844360352 | JIT: Jit/jit_list.cpp:41 -- Jit-list file: /jitlist_main.txt | ,benchmark_results/runtime_11x12_advanced_shallow/call_method/shallow/sample_08_9of21.py
call_method,shallow,9,6,21,RUNTIME_PASS,0.1448657512664795 | JIT: Jit/jit_list.cpp:41 -- Jit-list file: /jitlist_main.txt | ,benchmark_results/runtime_11x12_advanced_shallow/call_method/shallow/sample_09_6of21.py
call_method,shallow,10,8,21,RUNTIME_PASS,0.14025211334228516 | JIT: Jit/jit_list.cpp:41 -- Jit-list file: /jitlist_main.txt | ,benchmark_results/runtime_11x12_advanced_shallow/call_method/shallow/sample_10_8of21.py
call_method,shallow,11,14,21,RUNTIME_PASS,0.14109349250793457 | JIT: Jit/jit_list.cpp:41 -- Jit-list file: /jitlist_main.txt | ,benchmark_results/runtime_11x12_advanced_shallow/call_method/shallow/sample_11_14of21.py
call_method_slots,advanced,0,15,21,RUNTIME_PASS,0.18490982055664062 | JIT: Jit/jit_list.cpp:41 -- Jit-list file: /jitlist_main.txt | ,benchmark_results/runtime_11x12_advanced_shallow/call_method_slots/advanced/sample_00_15of21.py
call_method_slots,advanced,1,10,21,RUNTIME_PASS,0.15790128707885742 | JIT: Jit/jit_list.cpp:41 -- Jit-list file: /jitlist_main.txt | ,benchmark_results/runtime_11x12_advanced_shallow/call_method_slots/advanced/sample_01_10of21.py
call_method_slots,advanced,2,9,21,RUNTIME_PASS,0.1408069133758545 | JIT: Jit/jit_list.cpp:41 -- Jit-list file: /jitlist_main.txt | ,benchmark_results/runtime_11x12_advanced_shallow/call_method_slots/advanced/sample_02_9of21.py
call_method_slots,advanced,3,12,21,RUNTIME_PASS,0.1475379467010498 | JIT: Jit/jit_list.cpp:41 -- Jit-list file: /jitlist_main.txt | ,benchmark_results/runtime_11x12_advanced_shallow/call_method_slots/advanced/sample_03_12of21.py
call_method_slots,advanced,4,13,21,RUNTIME_PASS,0.14622712135314941 | JIT: Jit/jit_list.cpp:41 -- Jit-list file: /jitlist_main.txt | ,benchmark_results/runtime_11x12_advanced_shallow/call_method_slots/advanced/sample_04_13of21.py
call_method_slots,advanced,5,14,21,RUNTIME_PASS,0.13239622116088867 | JIT: Jit/jit_list.cpp:41 -- Jit-list file: /jitlist_main.txt | ,benchmark_results/runtime_11x12_advanced_shallow/call_method_slots/advanced/sample_05_14of21.py
call_method_slots,advanced,6,10,21,RUNTIME_PASS,0.12528705596923828 | JIT: Jit/jit_list.cpp:41 -- Jit-list file: /jitlist_main.txt | ,benchmark_results/runtime_11x12_advanced_shallow/call_method_slots/advanced/sample_06_10of21.py
call_method_slots,advanced,7,12,21,RUNTIME_PASS,0.15517449378967285 | JIT: Jit/jit_list.cpp:41 -- Jit-list file: /jitlist_main.txt | ,benchmark_results/runtime_11x12_advanced_shallow/call_method_slots/advanced/sample_07_12of21.py
call_method_slots,advanced,8,11,21,RUNTIME_PASS,0.14272642135620117 | JIT: Jit/jit_list.cpp:41 -- Jit-list file: /jitlist_main.txt | ,benchmark_results/runtime_11x12_advanced_shallow/call_method_slots/advanced/sample_08_11of21.py
call_method_slots,advanced,9,7,21,RUNTIME_PASS,0.15600323677062988 | JIT: Jit/jit_list.cpp:41 -- Jit-list file: /jitlist_main.txt | ,benchmark_results/runtime_11x12_advanced_shallow/call_method_slots/advanced/sample_09_7of21.py
call_method_slots,advanced,10,11,21,RUNTIME_PASS,0.16800951957702637 | JIT: Jit/jit_list.cpp:41 -- Jit-list file: /jitlist_main.txt | ,benchmark_results/runtime_11x12_advanced_shallow/call_method_slots/advanced/sample_10_11of21.py
call_method_slots,advanced,11,14,21,RUNTIME_PASS,0.13348102569580078 | JIT: Jit/jit_list.cpp:41 -- Jit-list file: /jitlist_main.txt | ,benchmark_results/runtime_11x12_advanced_shallow/call_method_slots/advanced/sample_11_14of21.py
call_method_slots,shallow,0,12,21,RUNTIME_PASS,0.1429147720336914 | JIT: Jit/jit_list.cpp:41 -- Jit-list file: /jitlist_main.txt | ,benchmark_results/runtime_11x12_advanced_shallow/call_method_slots/shallow/sample_00_12of21.py
call_method_slots,shallow,1,13,21,RUNTIME_PASS,0.1401669979095459 | JIT: Jit/jit_list.cpp:41 -- Jit-list file: /jitlist_main.txt | ,benchmark_results/runtime_11x12_advanced_shallow/call_method_slots/shallow/sample_01_13of21.py
call_method_slots,shallow,2,11,21,RUNTIME_PASS,0.14167070388793945 | JIT: Jit/jit_list.cpp:41 -- Jit-list file: /jitlist_main.txt | ,benchmark_results/runtime_11x12_advanced_shallow/call_method_slots/shallow/sample_02_11of21.py
call_method_slots,shallow,3,8,21,RUNTIME_PASS,0.14119791984558105 | JIT: Jit/jit_list.cpp:41 -- Jit-list file: /jitlist_main.txt | ,benchmark_results/runtime_11x12_advanced_shallow/call_method_slots/shallow/sample_03_8of21.py
call_method_slots,shallow,4,12,21,RUNTIME_PASS,0.14067649841308594 | JIT: Jit/jit_list.cpp:41 -- Jit-list file: /jitlist_main.txt | ,benchmark_results/runtime_11x12_advanced_shallow/call_method_slots/shallow/sample_04_12of21.py
call_method_slots,shallow,5,8,21,RUNTIME_PASS,0.14005780220031738 | JIT: Jit/jit_list.cpp:41 -- Jit-list file: /jitlist_main.txt | ,benchmark_results/runtime_11x12_advanced_shallow/call_method_slots/shallow/sample_05_8of21.py
call_method_slots,shallow,6,6,21,RUNTIME_PASS,0.14196038246154785 | JIT: Jit/jit_list.cpp:41 -- Jit-list file: /jitlist_main.txt | ,benchmark_results/runtime_11x12_advanced_shallow/call_method_slots/shallow/sample_06_6of21.py
call_method_slots,shallow,7,9,21,RUNTIME_PASS,0.1394510269165039 | JIT: Jit/jit_list.cpp:41 -- Jit-list file: /jitlist_main.txt | ,benchmark_results/runtime_11x12_advanced_shallow/call_method_slots/shallow/sample_07_9of21.py
call_method_slots,shallow,8,11,21,RUNTIME_PASS,0.14075064659118652 | JIT: Jit/jit_list.cpp:41 -- Jit-list file: /jitlist_main.txt | ,benchmark_results/runtime_11x12_advanced_shallow/call_method_slots/shallow/sample_08_11of21.py
call_method_slots,shallow,9,12,21,RUNTIME_PASS,0.1401200294494629 | JIT: Jit/jit_list.cpp:41 -- Jit-list file: /jitlist_main.txt | ,benchmark_results/runtime_11x12_advanced_shallow/call_method_slots/shallow/sample_09_12of21.py
call_method_slots,shallow,10,9,21,RUNTIME_PASS,0.14016294479370117 | JIT: Jit/jit_list.cpp:41 -- Jit-list file: /jitlist_main.txt | ,benchmark_results/runtime_11x12_advanced_shallow/call_method_slots/shallow/sample_10_9of21.py
call_method_slots,shallow,11,11,21,RUNTIME_PASS,0.1382460594177246 | JIT: Jit/jit_list.cpp:41 -- Jit-list file: /jitlist_main.txt | ,benchmark_results/runtime_11x12_advanced_shallow/call_method_slots/shallow/sample_11_11of21.py
call_simple,advanced,0,10,16,RUNTIME_PASS,0.1386861801147461 | JIT: Jit/jit_list.cpp:41 -- Jit-list file: /jitlist_main.txt | ,benchmark_results/runtime_11x12_advanced_shallow/call_simple/advanced/sample_00_10of16.py
call_simple,advanced,1,7,16,RUNTIME_PASS,0.09265542030334473 | JIT: Jit/jit_list.cpp:41 -- Jit-list file: /jitlist_main.txt | ,benchmark_results/runtime_11x12_advanced_shallow/call_simple/advanced/sample_01_7of16.py
call_simple,advanced,2,12,16,RUNTIME_PASS,0.08703303337097168 | JIT: Jit/jit_list.cpp:41 -- Jit-list file: /jitlist_main.txt | ,benchmark_results/runtime_11x12_advanced_shallow/call_simple/advanced/sample_02_12of16.py
call_simple,advanced,3,10,16,RUNTIME_PASS,0.09653878211975098 | JIT: Jit/jit_list.cpp:41 -- Jit-list file: /jitlist_main.txt | ,benchmark_results/runtime_11x12_advanced_shallow/call_simple/advanced/sample_03_10of16.py
call_simple,advanced,4,8,16,RUNTIME_PASS,0.09392428398132324 | JIT: Jit/jit_list.cpp:41 -- Jit-list file: /jitlist_main.txt | ,benchmark_results/runtime_11x12_advanced_shallow/call_simple/advanced/sample_04_8of16.py
call_simple,advanced,5,9,16,RUNTIME_PASS,0.11536908149719238 | JIT: Jit/jit_list.cpp:41 -- Jit-list file: /jitlist_main.txt | ,benchmark_results/runtime_11x12_advanced_shallow/call_simple/advanced/sample_05_9of16.py
call_simple,advanced,6,10,16,RUNTIME_PASS,0.12015104293823242 | JIT: Jit/jit_list.cpp:41 -- Jit-list file: /jitlist_main.txt | ,benchmark_results/runtime_11x12_advanced_shallow/call_simple/advanced/sample_06_10of16.py
call_simple,advanced,7,9,16,RUNTIME_PASS,0.1206512451171875 | JIT: Jit/jit_list.cpp:41 -- Jit-list file: /jitlist_main.txt | ,benchmark_results/runtime_11x12_advanced_shallow/call_simple/advanced/sample_07_9of16.py
call_simple,advanced,8,6,16,RUNTIME_PASS,0.10803389549255371 | JIT: Jit/jit_list.cpp:41 -- Jit-list file: /jitlist_main.txt | ,benchmark_results/runtime_11x12_advanced_shallow/call_simple/advanced/sample_08_6of16.py
call_simple,advanced,9,7,16,RUNTIME_PASS,0.14263653755187988 | JIT: Jit/jit_list.cpp:41 -- Jit-list file: /jitlist_main.txt | ,benchmark_results/runtime_11x12_advanced_shallow/call_simple/advanced/sample_09_7of16.py
call_simple,advanced,10,9,16,RUNTIME_PASS,0.1126856803894043 | JIT: Jit/jit_list.cpp:41 -- Jit-list file: /jitlist_main.txt | ,benchmark_results/runtime_11x12_advanced_shallow/call_simple/advanced/sample_10_9of16.py
call_simple,advanced,11,6,16,RUNTIME_PASS,0.10424590110778809 | JIT: Jit/jit_list.cpp:41 -- Jit-list file: /jitlist_main.txt | ,benchmark_results/runtime_11x12_advanced_shallow/call_simple/advanced/sample_11_6of16.py
call_simple,shallow,0,10,16,RUNTIME_PASS,0.0881197452545166 | JIT: Jit/jit_list.cpp:41 -- Jit-list file: /jitlist_main.txt | ,benchmark_results/runtime_11x12_advanced_shallow/call_simple/shallow/sample_00_10of16.py
call_simple,shallow,1,8,16,RUNTIME_PASS,0.10576772689819336 | JIT: Jit/jit_list.cpp:41 -- Jit-list file: /jitlist_main.txt | ,benchmark_results/runtime_11x12_advanced_shallow/call_simple/shallow/sample_01_8of16.py
call_simple,shallow,2,9,16,RUNTIME_PASS,0.08901786804199219 | JIT: Jit/jit_list.cpp:41 -- Jit-list file: /jitlist_main.txt | ,benchmark_results/runtime_11x12_advanced_shallow/call_simple/shallow/sample_02_9of16.py
call_simple,shallow,3,9,16,RUNTIME_PASS,0.08861303329467773 | JIT: Jit/jit_list.cpp:41 -- Jit-list file: /jitlist_main.txt | ,benchmark_results/runtime_11x12_advanced_shallow/call_simple/shallow/sample_03_9of16.py
call_simple,shallow,4,5,16,RUNTIME_PASS,0.08807229995727539 | JIT: Jit/jit_list.cpp:41 -- Jit-list file: /jitlist_main.txt | ,benchmark_results/runtime_11x12_advanced_shallow/call_simple/shallow/sample_04_5of16.py
call_simple,shallow,5,10,16,RUNTIME_PASS,0.08903074264526367 | JIT: Jit/jit_list.cpp:41 -- Jit-list file: /jitlist_main.txt | ,benchmark_results/runtime_11x12_advanced_shallow/call_simple/shallow/sample_05_10of16.py
call_simple,shallow,6,8,16,RUNTIME_PASS,0.0865328311920166 | JIT: Jit/jit_list.cpp:41 -- Jit-list file: /jitlist_main.txt | ,benchmark_results/runtime_11x12_advanced_shallow/call_simple/shallow/sample_06_8of16.py
call_simple,shallow,7,8,16,RUNTIME_PASS,0.08680152893066406 | JIT: Jit/jit_list.cpp:41 -- Jit-list file: /jitlist_main.txt | ,benchmark_results/runtime_11x12_advanced_shallow/call_simple/shallow/sample_07_8of16.py
call_simple,shallow,8,11,16,RUNTIME_PASS,0.0875864028930664 | JIT: Jit/jit_list.cpp:41 -- Jit-list file: /jitlist_main.txt | ,benchmark_results/runtime_11x12_advanced_shallow/call_simple/shallow/sample_08_11of16.py
call_simple,shallow,9,10,16,RUNTIME_PASS,0.08817529678344727 | JIT: Jit/jit_list.cpp:41 -- Jit-list file: /jitlist_main.txt | ,benchmark_results/runtime_11x12_advanced_shallow/call_simple/shallow/sample_09_10of16.py
call_simple,shallow,10,9,16,RUNTIME_PASS,0.0890648365020752 | JIT: Jit/jit_list.cpp:41 -- Jit-list file: /jitlist_main.txt | ,benchmark_results/runtime_11x12_advanced_shallow/call_simple/shallow/sample_10_9of16.py
call_simple,shallow,11,8,16,RUNTIME_PASS,0.08562660217285156 | JIT: Jit/jit_list.cpp:41 -- Jit-list file: /jitlist_main.txt | ,benchmark_results/runtime_11x12_advanced_shallow/call_simple/shallow/sample_11_8of16.py
chaos,advanced,0,18,36,RUNTIME_FAIL," 2]), Spline([GVector(2.8045, 4.01735, 0.0), GVector(2.5505, 3.52523, 0.0), GVector(1.97901, 2.62036, 0.0), GVector(1.97901, 2.62036, 0.0)], 3, [0, 0, 0, 1, 1, 1]), Spline([GVector(2.00167, 4.01132, 0.0), GVector(2.33504, 3.31283, 0.0), GVector(2.3668, 3.23346, 0.0), GVector(2.3668, 3.23346, 0.0)], 3, [0, 0, 0, 1, 1, 1])] |   File ""/app/benchmark_results/runtime_11x12_advanced_shallow/chaos/advanced/sample_00_18of36.py"", line 77, in __init__ |     for cur in cast(CheckedList[int], knots[1:]): |   File ""/cinder/cinderx/PythonLib/__static__/__init__.py"", line 412, in cast |     raise TypeError(f""expected {typ.__name__}, got {type(val).__name__}"") | TypeError: expected chklist[int], got list | ",benchmark_results/runtime_11x12_advanced_shallow/chaos/advanced/sample_00_18of36.py
chaos,advanced,1,15,36,RUNTIME_PASS,0.2792026996612549 | JIT: Jit/jit_list.cpp:41 -- Jit-list file: /jitlist_main.txt | ,benchmark_results/runtime_11x12_advanced_shallow/chaos/advanced/sample_01_15of36.py
chaos,advanced,2,24,36,RUNTIME_PASS,0.2351846694946289 | JIT: Jit/jit_list.cpp:41 -- Jit-list file: /jitlist_main.txt | ,benchmark_results/runtime_11x12_advanced_shallow/chaos/advanced/sample_02_24of36.py
chaos,advanced,3,15,36,RUNTIME_PASS,0.18488526344299316 | JIT: Jit/jit_list.cpp:41 -- Jit-list file: /jitlist_main.txt | ,benchmark_results/runtime_11x12_advanced_shallow/chaos/advanced/sample_03_15of36.py
chaos,advanced,4,16,36,RUNTIME_FAIL," 2]), Spline([GVector(2.8045, 4.01735, 0.0), GVector(2.5505, 3.52523, 0.0), GVector(1.97901, 2.62036, 0.0), GVector(1.97901, 2.62036, 0.0)], 3, [0, 0, 0, 1, 1, 1]), Spline([GVector(2.00167, 4.01132, 0.0), GVector(2.33504, 3.31283, 0.0), GVector(2.3668, 3.23346, 0.0), GVector(2.3668, 3.23346, 0.0)], 3, [0, 0, 0, 1, 1, 1])] |   File ""/app/benchmark_results/runtime_11x12_advanced_shallow/chaos/advanced/sample_04_16of36.py"", line 77, in __init__ |     for cur in cast(CheckedList[int], knots[1:]): |   File ""/cinder/cinderx/PythonLib/__static__/__init__.py"", line 412, in cast |     raise TypeError(f""expected {typ.__name__}, got {type(val).__name__}"") | TypeError: expected chklist[int], got list | ",benchmark_results/runtime_11x12_advanced_shallow/chaos/advanced/sample_04_16of36.py
chaos,advanced,5,16,36,RUNTIME_FAIL," 2]), Spline([GVector(2.8045, 4.01735, 0.0), GVector(2.5505, 3.52523, 0.0), GVector(1.97901, 2.62036, 0.0), GVector(1.97901, 2.62036, 0.0)], 3, [0, 0, 0, 1, 1, 1]), Spline([GVector(2.00167, 4.01132, 0.0), GVector(2.33504, 3.31283, 0.0), GVector(2.3668, 3.23346, 0.0), GVector(2.3668, 3.23346, 0.0)], 3, [0, 0, 0, 1, 1, 1])] |   File ""/app/benchmark_results/runtime_11x12_advanced_shallow/chaos/advanced/sample_05_16of36.py"", line 77, in __init__ |     for cur in cast(CheckedList[int], knots[1:]): |   File ""/cinder/cinderx/PythonLib/__static__/__init__.py"", line 412, in cast |     raise TypeError(f""expected {typ.__name__}, got {type(val).__name__}"") | TypeError: expected chklist[int], got list | ",benchmark_results/runtime_11x12_advanced_shallow/chaos/advanced/sample_05_16of36.py
chaos,advanced,6,19,36,RUNTIME_PASS,0.2041795253753662 | JIT: Jit/jit_list.cpp:41 -- Jit-list file: /jitlist_main.txt | ,benchmark_results/runtime_11x12_advanced_shallow/chaos/advanced/sample_06_19of36.py
chaos,advanced,7,12,36,RUNTIME_PASS,0.2811551094055176 | JIT: Jit/jit_list.cpp:41 -- Jit-list file: /jitlist_main.txt | ,benchmark_results/runtime_11x12_advanced_shallow/chaos/advanced/sample_07_12of36.py
chaos,advanced,8,17,36,RUNTIME_PASS,0.27876949310302734 | JIT: Jit/jit_list.cpp:41 -- Jit-list file: /jitlist_main.txt | ,benchmark_results/runtime_11x12_advanced_shallow/chaos/advanced/sample_08_17of36.py
chaos,advanced,9,19,36,RUNTIME_FAIL," 2]), Spline([GVector(2.8045, 4.01735, 0.0), GVector(2.5505, 3.52523, 0.0), GVector(1.97901, 2.62036, 0.0), GVector(1.97901, 2.62036, 0.0)], 3, [0, 0, 0, 1, 1, 1]), Spline([GVector(2.00167, 4.01132, 0.0), GVector(2.33504, 3.31283, 0.0), GVector(2.3668, 3.23346, 0.0), GVector(2.3668, 3.23346, 0.0)], 3, [0, 0, 0, 1, 1, 1])] |   File ""/app/benchmark_results/runtime_11x12_advanced_shallow/chaos/advanced/sample_09_19of36.py"", line 77, in __init__ |     for cur in cast(CheckedList[int], knots[1:]): |   File ""/cinder/cinderx/PythonLib/__static__/__init__.py"", line 412, in cast |     raise TypeError(f""expected {typ.__name__}, got {type(val).__name__}"") | TypeError: expected chklist[int], got list | ",benchmark_results/runtime_11x12_advanced_shallow/chaos/advanced/sample_09_19of36.py
chaos,advanced,10,16,36,RUNTIME_FAIL," 2]), Spline([GVector(2.8045, 4.01735, 0.0), GVector(2.5505, 3.52523, 0.0), GVector(1.97901, 2.62036, 0.0), GVector(1.97901, 2.62036, 0.0)], 3, [0, 0, 0, 1, 1, 1]), Spline([GVector(2.00167, 4.01132, 0.0), GVector(2.33504, 3.31283, 0.0), GVector(2.3668, 3.23346, 0.0), GVector(2.3668, 3.23346, 0.0)], 3, [0, 0, 0, 1, 1, 1])] |   File ""/app/benchmark_results/runtime_11x12_advanced_shallow/chaos/advanced/sample_10_16of36.py"", line 77, in __init__ |     for cur in cast(CheckedList[int], knots[1:]): |   File ""/cinder/cinderx/PythonLib/__static__/__init__.py"", line 412, in cast |     raise TypeError(f""expected {typ.__name__}, got {type(val).__name__}"") | TypeError: expected chklist[int], got list | ",benchmark_results/runtime_11x12_advanced_shallow/chaos/advanced/sample_10_16of36.py
chaos,advanced,11,14,36,RUNTIME_FAIL," 2]), Spline([GVector(2.8045, 4.01735, 0.0), GVector(2.5505, 3.52523, 0.0), GVector(1.97901, 2.62036, 0.0), GVector(1.97901, 2.62036, 0.0)], 3, [0, 0, 0, 1, 1, 1]), Spline([GVector(2.00167, 4.01132, 0.0), GVector(2.33504, 3.31283, 0.0), GVector(2.3668, 3.23346, 0.0), GVector(2.3668, 3.23346, 0.0)], 3, [0, 0, 0, 1, 1, 1])] |   File ""/app/benchmark_results/runtime_11x12_advanced_shallow/chaos/advanced/sample_11_14of36.py"", line 77, in __init__ |     for cur in cast(CheckedList[int], knots[1:]): |   File ""/cinder/cinderx/PythonLib/__static__/__init__.py"", line 412, in cast |     raise TypeError(f""expected {typ.__name__}, got {type(val).__name__}"") | TypeError: expected chklist[int], got list | ",benchmark_results/runtime_11x12_advanced_shallow/chaos/advanced/sample_11_14of36.py
chaos,shallow,0,18,35,RUNTIME_PASS,0.23233604431152344 | JIT: Jit/jit_list.cpp:41 -- Jit-list file: /jitlist_main.txt | ,benchmark_results/runtime_11x12_advanced_shallow/chaos/shallow/sample_00_18of35.py
chaos,shallow,1,19,35,RUNTIME_PASS,0.19834542274475098 | JIT: Jit/jit_list.cpp:41 -- Jit-list file: /jitlist_main.txt | ,benchmark_results/runtime_11x12_advanced_shallow/chaos/shallow/sample_01_19of35.py
chaos,shallow,2,18,35,RUNTIME_PASS,0.23004388809204102 | JIT: Jit/jit_list.cpp:41 -- Jit-list file: /jitlist_main.txt | ,benchmark_results/runtime_11x12_advanced_shallow/chaos/shallow/sample_02_18of35.py
chaos,shallow,3,14,35,RUNTIME_PASS,0.22466039657592773 | JIT: Jit/jit_list.cpp:41 -- Jit-list file: /jitlist_main.txt | ,benchmark_results/runtime_11x12_advanced_shallow/chaos/shallow/sample_03_14of35.py
chaos,shallow,4,20,35,RUNTIME_PASS,0.25743603706359863 | JIT: Jit/jit_list.cpp:41 -- Jit-list file: /jitlist_main.txt | ,benchmark_results/runtime_11x12_advanced_shallow/chaos/shallow/sample_04_20of35.py
chaos,shallow,5,19,35,RUNTIME_PASS,0.2820463180541992 | JIT: Jit/jit_list.cpp:41 -- Jit-list file: /jitlist_main.txt | ,benchmark_results/runtime_11x12_advanced_shallow/chaos/shallow/sample_05_19of35.py
chaos,shallow,6,20,35,RUNTIME_PASS,0.19544267654418945 | JIT: Jit/jit_list.cpp:41 -- Jit-list file: /jitlist_main.txt | ,benchmark_results/runtime_11x12_advanced_shallow/chaos/shallow/sample_06_20of35.py
chaos,shallow,7,19,35,RUNTIME_PASS,0.25359416007995605 | JIT: Jit/jit_list.cpp:41 -- Jit-list file: /jitlist_main.txt | ,benchmark_results/runtime_11x12_advanced_shallow/chaos/shallow/sample_07_19of35.py
chaos,shallow,8,19,35,RUNTIME_PASS,0.1914827823638916 | JIT: Jit/jit_list.cpp:41 -- Jit-list file: /jitlist_main.txt | ,benchmark_results/runtime_11x12_advanced_shallow/chaos/shallow/sample_08_19of35.py
chaos,shallow,9,11,35,RUNTIME_PASS,0.1871650218963623 | JIT: Jit/jit_list.cpp:41 -- Jit-list file: /jitlist_main.txt | ,benchmark_results/runtime_11x12_advanced_shallow/chaos/shallow/sample_09_11of35.py
chaos,shallow,10,22,35,RUNTIME_PASS,0.20061063766479492 | JIT: Jit/jit_list.cpp:41 -- Jit-list file: /jitlist_main.txt | ,benchmark_results/runtime_11x12_advanced_shallow/chaos/shallow/sample_10_22of35.py
chaos,shallow,11,16,35,RUNTIME_PASS,0.18991565704345703 | JIT: Jit/jit_list.cpp:41 -- Jit-list file: /jitlist_main.txt | ,benchmark_results/runtime_11x12_advanced_shallow/chaos/shallow/sample_11_16of35.py
deltablue,advanced,0,79,167,RUNTIME_PASS,2.8649325370788574 | JIT: Jit/jit_list.cpp:41 -- Jit-list file: /jitlist_main.txt | ,benchmark_results/runtime_11x12_advanced_shallow/deltablue/advanced/sample_00_79of167.py
deltablue,advanced,1,84,167,RUNTIME_PASS,5.174916982650757 | JIT: Jit/jit_list.cpp:41 -- Jit-list file: /jitlist_main.txt | ,benchmark_results/runtime_11x12_advanced_shallow/deltablue/advanced/sample_01_84of167.py
deltablue,advanced,2,87,167,RUNTIME_PASS,3.1676430702209473 | JIT: Jit/jit_list.cpp:41 -- Jit-list file: /jitlist_main.txt | ,benchmark_results/runtime_11x12_advanced_shallow/deltablue/advanced/sample_02_87of167.py
deltablue,advanced,3,83,167,RUNTIME_PASS,3.5506699085235596 | JIT: Jit/jit_list.cpp:41 -- Jit-list file: /jitlist_main.txt | ,benchmark_results/runtime_11x12_advanced_shallow/deltablue/advanced/sample_03_83of167.py
deltablue,advanced,4,93,167,RUNTIME_PASS,3.113466501235962 | JIT: Jit/jit_list.cpp:41 -- Jit-list file: /jitlist_main.txt | ,benchmark_results/runtime_11x12_advanced_shallow/deltablue/advanced/sample_04_93of167.py
deltablue,advanced,5,95,167,RUNTIME_PASS,4.9975690841674805 | JIT: Jit/jit_list.cpp:41 -- Jit-list file: /jitlist_main.txt | ,benchmark_results/runtime_11x12_advanced_shallow/deltablue/advanced/sample_05_95of167.py
deltablue,advanced,6,83,167,RUNTIME_PASS,2.978363037109375 | JIT: Jit/jit_list.cpp:41 -- Jit-list file: /jitlist_main.txt | ,benchmark_results/runtime_11x12_advanced_shallow/deltablue/advanced/sample_06_83of167.py
deltablue,advanced,7,89,167,RUNTIME_PASS,5.225895404815674 | JIT: Jit/jit_list.cpp:41 -- Jit-list file: /jitlist_main.txt | ,benchmark_results/runtime_11x12_advanced_shallow/deltablue/advanced/sample_07_89of167.py
deltablue,advanced,8,77,167,RUNTIME_PASS,4.413633823394775 | JIT: Jit/jit_list.cpp:41 -- Jit-list file: /jitlist_main.txt | ,benchmark_results/runtime_11x12_advanced_shallow/deltablue/advanced/sample_08_77of167.py
deltablue,advanced,9,71,167,RUNTIME_PASS,3.2383615970611572 | JIT: Jit/jit_list.cpp:41 -- Jit-list file: /jitlist_main.txt | ,benchmark_results/runtime_11x12_advanced_shallow/deltablue/advanced/sample_09_71of167.py
deltablue,advanced,10,92,167,RUNTIME_PASS,3.4975948333740234 | JIT: Jit/jit_list.cpp:41 -- Jit-list file: /jitlist_main.txt | ,benchmark_results/runtime_11x12_advanced_shallow/deltablue/advanced/sample_10_92of167.py
deltablue,advanced,11,97,167,RUNTIME_PASS,3.510122776031494 | JIT: Jit/jit_list.cpp:41 -- Jit-list file: /jitlist_main.txt | ,benchmark_results/runtime_11x12_advanced_shallow/deltablue/advanced/sample_11_97of167.py
deltablue,shallow,0,47,116,RUNTIME_PASS,1.4479188919067383 | JIT: Jit/jit_list.cpp:41 -- Jit-list file: /jitlist_main.txt | ,benchmark_results/runtime_11x12_advanced_shallow/deltablue/shallow/sample_00_47of116.py
deltablue,shallow,1,57,116,RUNTIME_PASS,1.4927775859832764 | JIT: Jit/jit_list.cpp:41 -- Jit-list file: /jitlist_main.txt | ,benchmark_results/runtime_11x12_advanced_shallow/deltablue/shallow/sample_01_57of116.py
deltablue,shallow,2,61,116,RUNTIME_PASS,1.5241265296936035 | JIT: Jit/jit_list.cpp:41 -- Jit-list file: /jitlist_main.txt | ,benchmark_results/runtime_11x12_advanced_shallow/deltablue/shallow/sample_02_61of116.py
deltablue,shallow,3,54,116,RUNTIME_PASS,2.0109965801239014 | JIT: Jit/jit_list.cpp:41 -- Jit-list file: /jitlist_main.txt | ,benchmark_results/runtime_11x12_advanced_shallow/deltablue/shallow/sample_03_54of116.py
deltablue,shallow,4,60,116,RUNTIME_PASS,1.433913230895996 | JIT: Jit/jit_list.cpp:41 -- Jit-list file: /jitlist_main.txt | ,benchmark_results/runtime_11x12_advanced_shallow/deltablue/shallow/sample_04_60of116.py
deltablue,shallow,5,51,116,RUNTIME_PASS,1.4506878852844238 | JIT: Jit/jit_list.cpp:41 -- Jit-list file: /jitlist_main.txt | ,benchmark_results/runtime_11x12_advanced_shallow/deltablue/shallow/sample_05_51of116.py
deltablue,shallow,6,61,116,RUNTIME_PASS,1.3413505554199219 | JIT: Jit/jit_list.cpp:41 -- Jit-list file: /jitlist_main.txt | ,benchmark_results/runtime_11x12_advanced_shallow/deltablue/shallow/sample_06_61of116.py
deltablue,shallow,7,58,116,RUNTIME_PASS,2.0258736610412598 | JIT: Jit/jit_list.cpp:41 -- Jit-list file: /jitlist_main.txt | ,benchmark_results/runtime_11x12_advanced_shallow/deltablue/shallow/sample_07_58of116.py
deltablue,shallow,8,53,116,RUNTIME_PASS,0.93564772605896 | JIT: Jit/jit_list.cpp:41 -- Jit-list file: /jitlist_main.txt | ,benchmark_results/runtime_11x12_advanced_shallow/deltablue/shallow/sample_08_53of116.py
deltablue,shallow,9,53,116,RUNTIME_PASS,0.9663879871368408 | JIT: Jit/jit_list.cpp:41 -- Jit-list file: /jitlist_main.txt | ,benchmark_results/runtime_11x12_advanced_shallow/deltablue/shallow/sample_09_53of116.py
deltablue,shallow,10,57,116,RUNTIME_PASS,1.9774248600006104 | JIT: Jit/jit_list.cpp:41 -- Jit-list file: /jitlist_main.txt | ,benchmark_results/runtime_11x12_advanced_shallow/deltablue/shallow/sample_10_57of116.py
deltablue,shallow,11,64,116,RUNTIME_PASS,1.4691598415374756 | JIT: Jit/jit_list.cpp:41 -- Jit-list file: /jitlist_main.txt | ,benchmark_results/runtime_11x12_advanced_shallow/deltablue/shallow/sample_11_64of116.py
fannkuch,advanced,0,9,14,RUNTIME_PASS,10.322194814682007 | JIT: Jit/jit_list.cpp:41 -- Jit-list file: /jitlist_main.txt | ,benchmark_results/runtime_11x12_advanced_shallow/fannkuch/advanced/sample_00_9of14.py
fannkuch,advanced,1,9,14,RUNTIME_PASS,10.462703227996826 | JIT: Jit/jit_list.cpp:41 -- Jit-list file: /jitlist_main.txt | ,benchmark_results/runtime_11x12_advanced_shallow/fannkuch/advanced/sample_01_9of14.py
fannkuch,advanced,2,6,14,RUNTIME_PASS,1.9333584308624268 | JIT: Jit/jit_list.cpp:41 -- Jit-list file: /jitlist_main.txt | ,benchmark_results/runtime_11x12_advanced_shallow/fannkuch/advanced/sample_02_6of14.py
fannkuch,advanced,3,11,14,RUNTIME_PASS,4.020380735397339 | JIT: Jit/jit_list.cpp:41 -- Jit-list file: /jitlist_main.txt | ,benchmark_results/runtime_11x12_advanced_shallow/fannkuch/advanced/sample_03_11of14.py
fannkuch,advanced,4,7,14,RUNTIME_PASS,9.534398555755615 | JIT: Jit/jit_list.cpp:41 -- Jit-list file: /jitlist_main.txt | ,benchmark_results/runtime_11x12_advanced_shallow/fannkuch/advanced/sample_04_7of14.py
fannkuch,advanced,5,7,14,RUNTIME_PASS,3.245985507965088 | JIT: Jit/jit_list.cpp:41 -- Jit-list file: /jitlist_main.txt | ,benchmark_results/runtime_11x12_advanced_shallow/fannkuch/advanced/sample_05_7of14.py
fannkuch,advanced,6,6,14,RUNTIME_PASS,8.166802644729614 | JIT: Jit/jit_list.cpp:41 -- Jit-list file: /jitlist_main.txt | ,benchmark_results/runtime_11x12_advanced_shallow/fannkuch/advanced/sample_06_6of14.py
fannkuch,advanced,7,10,14,RUNTIME_PASS,9.430033683776855 | JIT: Jit/jit_list.cpp:41 -- Jit-list file: /jitlist_main.txt | ,benchmark_results/runtime_11x12_advanced_shallow/fannkuch/advanced/sample_07_10of14.py
fannkuch,advanced,8,6,14,RUNTIME_PASS,3.488159656524658 | JIT: Jit/jit_list.cpp:41 -- Jit-list file: /jitlist_main.txt | ,benchmark_results/runtime_11x12_advanced_shallow/fannkuch/advanced/sample_08_6of14.py
fannkuch,advanced,9,5,14,RUNTIME_PASS,1.4969525337219238 | JIT: Jit/jit_list.cpp:41 -- Jit-list file: /jitlist_main.txt | ,benchmark_results/runtime_11x12_advanced_shallow/fannkuch/advanced/sample_09_5of14.py
fannkuch,advanced,10,7,14,RUNTIME_PASS,8.72138786315918 | JIT: Jit/jit_list.cpp:41 -- Jit-list file: /jitlist_main.txt | ,benchmark_results/runtime_11x12_advanced_shallow/fannkuch/advanced/sample_10_7of14.py
fannkuch,advanced,11,8,14,RUNTIME_PASS,9.7794828414917 | JIT: Jit/jit_list.cpp:41 -- Jit-list file: /jitlist_main.txt | ,benchmark_results/runtime_11x12_advanced_shallow/fannkuch/advanced/sample_11_8of14.py
fannkuch,shallow,0,7,12,RUNTIME_FAIL,"JIT: Jit/jit_list.cpp:41 -- Jit-list file: /jitlist_main.txt | Traceback (most recent call last): |   File ""/app/benchmark_results/runtime_11x12_advanced_shallow/fannkuch/shallow/sample_00_7of12.py"", line 52, in <module> |     res = fannkuch(DEFAULT_ARG) |   File ""/app/benchmark_results/runtime_11x12_advanced_shallow/fannkuch/shallow/sample_00_7of12.py"", line 21, in fannkuch |     perm1_ins = cast(Callable, perm1.insert) |   File ""/cinder/cinderx/PythonLib/__static__/__init__.py"", line 412, in cast |     raise TypeError(f""expected {typ.__name__}, got {type(val).__name__}"") | TypeError: expected Callable, got builtin_function_or_method | ",benchmark_results/runtime_11x12_advanced_shallow/fannkuch/shallow/sample_00_7of12.py
fannkuch,shallow,1,5,12,RUNTIME_FAIL,"JIT: Jit/jit_list.cpp:41 -- Jit-list file: /jitlist_main.txt | Traceback (most recent call last): |   File ""/app/benchmark_results/runtime_11x12_advanced_shallow/fannkuch/shallow/sample_01_5of12.py"", line 52, in <module> |     res = fannkuch(DEFAULT_ARG) |   File ""/app/benchmark_results/runtime_11x12_advanced_shallow/fannkuch/shallow/sample_01_5of12.py"", line 22, in fannkuch |     perm1_pop = cast(Callable, perm1.pop) |   File ""/cinder/cinderx/PythonLib/__static__/__init__.py"", line 412, in cast |     raise TypeError(f""expected {typ.__name__}, got {type(val).__name__}"") | TypeError: expected Callable, got builtin_function_or_method | ",benchmark_results/runtime_11x12_advanced_shallow/fannkuch/shallow/sample_01_5of12.py
fannkuch,shallow,2,6,12,RUNTIME_FAIL,"JIT: Jit/jit_list.cpp:41 -- Jit-list file: /jitlist_main.txt | Traceback (most recent call last): |   File ""/app/benchmark_results/runtime_11x12_advanced_shallow/fannkuch/shallow/sample_02_6of12.py"", line 52, in <module> |     res = fannkuch(DEFAULT_ARG) |   File ""/app/benchmark_results/runtime_11x12_advanced_shallow/fannkuch/shallow/sample_02_6of12.py"", line 22, in fannkuch |     perm1_pop = cast(Callable, perm1.pop) |   File ""/cinder/cinderx/PythonLib/__static__/__init__.py"", line 412, in cast |     raise TypeError(f""expected {typ.__name__}, got {type(val).__name__}"") | TypeError: expected Callable, got builtin_function_or_method | ",benchmark_results/runtime_11x12_advanced_shallow/fannkuch/shallow/sample_02_6of12.py
fannkuch,shallow,3,6,12,RUNTIME_FAIL,"JIT: Jit/jit_list.cpp:41 -- Jit-list file: /jitlist_main.txt | Traceback (most recent call last): |   File ""/app/benchmark_results/runtime_11x12_advanced_shallow/fannkuch/shallow/sample_03_6of12.py"", line 52, in <module> |     res = fannkuch(DEFAULT_ARG) |   File ""/app/benchmark_results/runtime_11x12_advanced_shallow/fannkuch/shallow/sample_03_6of12.py"", line 22, in fannkuch |     perm1_pop = cast(Callable, perm1.pop) |   File ""/cinder/cinderx/PythonLib/__static__/__init__.py"", line 412, in cast |     raise TypeError(f""expected {typ.__name__}, got {type(val).__name__}"") | TypeError: expected Callable, got builtin_function_or_method | ",benchmark_results/runtime_11x12_advanced_shallow/fannkuch/shallow/sample_03_6of12.py
fannkuch,shallow,4,8,12,RUNTIME_FAIL,"JIT: Jit/jit_list.cpp:41 -- Jit-list file: /jitlist_main.txt | Traceback (most recent call last): |   File ""/app/benchmark_results/runtime_11x12_advanced_shallow/fannkuch/shallow/sample_04_8of12.py"", line 52, in <module> |     res = fannkuch(DEFAULT_ARG) |   File ""/app/benchmark_results/runtime_11x12_advanced_shallow/fannkuch/shallow/sample_04_8of12.py"", line 21, in fannkuch |     perm1_ins = cast(Callable, perm1.insert) |   File ""/cinder/cinderx/PythonLib/__static__/__init__.py"", line 412, in cast |     raise TypeError(f""expected {typ.__name__}, got {type(val).__name__}"") | TypeError: expected Callable, got builtin_function_or_method | ",benchmark_results/runtime_11x12_advanced_shallow/fannkuch/shallow/sample_04_8of12.py
fannkuch,shallow,5,6,12,RUNTIME_PASS,0.4501209259033203 | JIT: Jit/jit_list.cpp:41 -- Jit-list file: /jitlist_main.txt | ,benchmark_results/runtime_11x12_advanced_shallow/fannkuch/shallow/sample_05_6of12.py
fannkuch,shallow,6,7,12,RUNTIME_FAIL,"JIT: Jit/jit_list.cpp:41 -- Jit-list file: /jitlist_main.txt | Traceback (most recent call last): |   File ""/app/benchmark_results/runtime_11x12_advanced_shallow/fannkuch/shallow/sample_06_7of12.py"", line 52, in <module> |     res = fannkuch(DEFAULT_ARG) |   File ""/app/benchmark_results/runtime_11x12_advanced_shallow/fannkuch/shallow/sample_06_7of12.py"", line 21, in fannkuch |     perm1_ins = cast(Callable, perm1.insert) |   File ""/cinder/cinderx/PythonLib/__static__/__init__.py"", line 412, in cast |     raise TypeError(f""expected {typ.__name__}, got {type(val).__name__}"") | TypeError: expected Callable, got builtin_function_or_method | ",benchmark_results/runtime_11x12_advanced_shallow/fannkuch/shallow/sample_06_7of12.py
fannkuch,shallow,7,7,12,RUNTIME_FAIL,"JIT: Jit/jit_list.cpp:41 -- Jit-list file: /jitlist_main.txt | Traceback (most recent call last): |   File ""/app/benchmark_results/runtime_11x12_advanced_shallow/fannkuch/shallow/sample_07_7of12.py"", line 52, in <module> |     res = fannkuch(DEFAULT_ARG) |   File ""/app/benchmark_results/runtime_11x12_advanced_shallow/fannkuch/shallow/sample_07_7of12.py"", line 21, in fannkuch |     perm1_ins = cast(Callable, perm1.insert) |   File ""/cinder/cinderx/PythonLib/__static__/__init__.py"", line 412, in cast |     raise TypeError(f""expected {typ.__name__}, got {type(val).__name__}"") | TypeError: expected Callable, got builtin_function_or_method | ",benchmark_results/runtime_11x12_advanced_shallow/fannkuch/shallow/sample_07_7of12.py
fannkuch,shallow,8,7,12,RUNTIME_FAIL,"JIT: Jit/jit_list.cpp:41 -- Jit-list file: /jitlist_main.txt | Traceback (most recent call last): |   File ""/app/benchmark_results/runtime_11x12_advanced_shallow/fannkuch/shallow/sample_08_7of12.py"", line 52, in <module> |     res = fannkuch(DEFAULT_ARG) |   File ""/app/benchmark_results/runtime_11x12_advanced_shallow/fannkuch/shallow/sample_08_7of12.py"", line 22, in fannkuch |     perm1_pop = cast(Callable, perm1.pop) |   File ""/cinder/cinderx/PythonLib/__static__/__init__.py"", line 412, in cast |     raise TypeError(f""expected {typ.__name__}, got {type(val).__name__}"") | TypeError: expected Callable, got builtin_function_or_method | ",benchmark_results/runtime_11x12_advanced_shallow/fannkuch/shallow/sample_08_7of12.py
fannkuch,shallow,9,5,12,RUNTIME_PASS,0.4490234851837158 | JIT: Jit/jit_list.cpp:41 -- Jit-list file: /jitlist_main.txt | ,benchmark_results/runtime_11x12_advanced_shallow/fannkuch/shallow/sample_09_5of12.py
fannkuch,shallow,10,7,12,RUNTIME_FAIL,"JIT: Jit/jit_list.cpp:41 -- Jit-list file: /jitlist_main.txt | Traceback (most recent call last): |   File ""/app/benchmark_results/runtime_11x12_advanced_shallow/fannkuch/shallow/sample_10_7of12.py"", line 52, in <module> |     res = fannkuch(DEFAULT_ARG) |   File ""/app/benchmark_results/runtime_11x12_advanced_shallow/fannkuch/shallow/sample_10_7of12.py"", line 21, in fannkuch |     perm1_ins = cast(Callable, perm1.insert) |   File ""/cinder/cinderx/PythonLib/__static__/__init__.py"", line 412, in cast |     raise TypeError(f""expected {typ.__name__}, got {type(val).__name__}"") | TypeError: expected Callable, got builtin_function_or_method | ",benchmark_results/runtime_11x12_advanced_shallow/fannkuch/shallow/sample_10_7of12.py
fannkuch,shallow,11,4,12,RUNTIME_FAIL,"JIT: Jit/jit_list.cpp:41 -- Jit-list file: /jitlist_main.txt | Traceback (most recent call last): |   File ""/app/benchmark_results/runtime_11x12_advanced_shallow/fannkuch/shallow/sample_11_4of12.py"", line 52, in <module> |     res = fannkuch(DEFAULT_ARG) |   File ""/app/benchmark_results/runtime_11x12_advanced_shallow/fannkuch/shallow/sample_11_4of12.py"", line 22, in fannkuch |     perm1_pop = cast(Callable, perm1.pop) |   File ""/cinder/cinderx/PythonLib/__static__/__init__.py"", line 412, in cast |     raise TypeError(f""expected {typ.__name__}, got {type(val).__name__}"") | TypeError: expected Callable, got builtin_function_or_method | ",benchmark_results/runtime_11x12_advanced_shallow/fannkuch/shallow/sample_11_4of12.py
float,advanced,0,14,24,RUNTIME_FAIL,"oat/advanced/sample_00_14of24.py"", line 50, in <module> |     cast(Point, benchmark(POINTS)) |   File ""/app/benchmark_results/runtime_11x12_advanced_shallow/float/advanced/sample_00_14of24.py"", line 46, in benchmark |     return cast(Point, cast(Point, maximize_all(CheckedList[Point](map(normal_point, range(n)))))) |   File ""/app/benchmark_results/runtime_11x12_advanced_shallow/float/advanced/sample_00_14of24.py"", line 35, in maximize_all |     for p in cast(CheckedList[Point], points[1:]): |   File ""/cinder/cinderx/PythonLib/__static__/__init__.py"", line 412, in cast |     raise TypeError(f""expected {typ.__name__}, got {type(val).__name__}"") | TypeError: expected chklist[Point], got list | ",benchmark_results/runtime_11x12_advanced_shallow/float/advanced/sample_00_14of24.py
float,advanced,1,10,24,RUNTIME_FAIL,"_11x12_advanced_shallow/float/advanced/sample_01_10of24.py"", line 50, in <module> |     benchmark(POINTS) |   File ""/app/benchmark_results/runtime_11x12_advanced_shallow/float/advanced/sample_01_10of24.py"", line 46, in benchmark |     return cast(Point, maximize_all(CheckedList[Point](map(normal_point, range(n))))) |   File ""/app/benchmark_results/runtime_11x12_advanced_shallow/float/advanced/sample_01_10of24.py"", line 35, in maximize_all |     for p in cast(CheckedList[Point], points[1:]): |   File ""/cinder/cinderx/PythonLib/__static__/__init__.py"", line 412, in cast |     raise TypeError(f""expected {typ.__name__}, got {type(val).__name__}"") | TypeError: expected chklist[Point], got list | ",benchmark_results/runtime_11x12_advanced_shallow/float/advanced/sample_01_10of24.py
float,advanced,2,9,24,RUNTIME_PASS,0.529862642288208 | JIT: Jit/jit_list.cpp:41 -- Jit-list file: /jitlist_main.txt | ,benchmark_results/runtime_11x12_advanced_shallow/float/advanced/sample_02_9of24.py
float,advanced,3,12,24,RUNTIME_PASS,0.5867068767547607 | JIT: Jit/jit_list.cpp:41 -- Jit-list file: /jitlist_main.txt | ,benchmark_results/runtime_11x12_advanced_shallow/float/advanced/sample_03_12of24.py
float,advanced,4,12,24,RUNTIME_PASS,0.6057307720184326 | JIT: Jit/jit_list.cpp:41 -- Jit-list file: /jitlist_main.txt | ,benchmark_results/runtime_11x12_advanced_shallow/float/advanced/sample_04_12of24.py
float,advanced,5,12,24,RUNTIME_FAIL,"_11x12_advanced_shallow/float/advanced/sample_05_12of24.py"", line 50, in <module> |     benchmark(POINTS) |   File ""/app/benchmark_results/runtime_11x12_advanced_shallow/float/advanced/sample_05_12of24.py"", line 46, in benchmark |     return cast(Point, maximize_all(CheckedList[Point](map(normal_point, range(n))))) |   File ""/app/benchmark_results/runtime_11x12_advanced_shallow/float/advanced/sample_05_12of24.py"", line 35, in maximize_all |     for p in cast(CheckedList[Point], points[1:]): |   File ""/cinder/cinderx/PythonLib/__static__/__init__.py"", line 412, in cast |     raise TypeError(f""expected {typ.__name__}, got {type(val).__name__}"") | TypeError: expected chklist[Point], got list | ",benchmark_results/runtime_11x12_advanced_shallow/float/advanced/sample_05_12of24.py
float,advanced,6,9,24,RUNTIME_FAIL,"ime_11x12_advanced_shallow/float/advanced/sample_06_9of24.py"", line 50, in <module> |     benchmark(POINTS) |   File ""/app/benchmark_results/runtime_11x12_advanced_shallow/float/advanced/sample_06_9of24.py"", line 46, in benchmark |     return cast(Point, maximize_all(CheckedList[Point](map(normal_point, range(n))))) |   File ""/app/benchmark_results/runtime_11x12_advanced_shallow/float/advanced/sample_06_9of24.py"", line 35, in maximize_all |     for p in cast(CheckedList[Point], points[1:]): |   File ""/cinder/cinderx/PythonLib/__static__/__init__.py"", line 412, in cast |     raise TypeError(f""expected {typ.__name__}, got {type(val).__name__}"") | TypeError: expected chklist[Point], got list | ",benchmark_results/runtime_11x12_advanced_shallow/float/advanced/sample_06_9of24.py
float,advanced,7,16,24,RUNTIME_PASS,0.43756866455078125 | JIT: Jit/jit_list.cpp:41 -- Jit-list file: /jitlist_main.txt | ,benchmark_results/runtime_11x12_advanced_shallow/float/advanced/sample_07_16of24.py
float,advanced,8,13,24,RUNTIME_FAIL,"sults/runtime_11x12_advanced_shallow/float/advanced/sample_08_13of24.py"", line 50, in <module> |     benchmark(POINTS) |   File ""/app/benchmark_results/runtime_11x12_advanced_shallow/float/advanced/sample_08_13of24.py"", line 46, in benchmark |     return maximize_all(CheckedList[Point](map(normal_point, range(n)))) |   File ""/app/benchmark_results/runtime_11x12_advanced_shallow/float/advanced/sample_08_13of24.py"", line 35, in maximize_all |     for p in cast(CheckedList[Point], points[1:]): |   File ""/cinder/cinderx/PythonLib/__static__/__init__.py"", line 412, in cast |     raise TypeError(f""expected {typ.__name__}, got {type(val).__name__}"") | TypeError: expected chklist[Point], got list | ",benchmark_results/runtime_11x12_advanced_shallow/float/advanced/sample_08_13of24.py
float,advanced,9,9,24,RUNTIME_PASS,0.4380640983581543 | JIT: Jit/jit_list.cpp:41 -- Jit-list file: /jitlist_main.txt | ,benchmark_results/runtime_11x12_advanced_shallow/float/advanced/sample_09_9of24.py
float,advanced,10,15,24,RUNTIME_FAIL,"ed_shallow/float/advanced/sample_10_15of24.py"", line 50, in <module> |     cast(Point, benchmark(POINTS)) |   File ""/app/benchmark_results/runtime_11x12_advanced_shallow/float/advanced/sample_10_15of24.py"", line 46, in benchmark |     return cast(Point, maximize_all(CheckedList[Point](map(normal_point, range(n))))) |   File ""/app/benchmark_results/runtime_11x12_advanced_shallow/float/advanced/sample_10_15of24.py"", line 35, in maximize_all |     for p in cast(CheckedList[Point], points[1:]): |   File ""/cinder/cinderx/PythonLib/__static__/__init__.py"", line 412, in cast |     raise TypeError(f""expected {typ.__name__}, got {type(val).__name__}"") | TypeError: expected chklist[Point], got list | ",benchmark_results/runtime_11x12_advanced_shallow/float/advanced/sample_10_15of24.py
float,advanced,11,16,24,RUNTIME_FAIL,"_11x12_advanced_shallow/float/advanced/sample_11_16of24.py"", line 50, in <module> |     benchmark(POINTS) |   File ""/app/benchmark_results/runtime_11x12_advanced_shallow/float/advanced/sample_11_16of24.py"", line 46, in benchmark |     return cast(Point, maximize_all(CheckedList[Point](map(normal_point, range(n))))) |   File ""/app/benchmark_results/runtime_11x12_advanced_shallow/float/advanced/sample_11_16of24.py"", line 35, in maximize_all |     for p in cast(CheckedList[Point], points[1:]): |   File ""/cinder/cinderx/PythonLib/__static__/__init__.py"", line 412, in cast |     raise TypeError(f""expected {typ.__name__}, got {type(val).__name__}"") | TypeError: expected chklist[Point], got list | ",benchmark_results/runtime_11x12_advanced_shallow/float/advanced/sample_11_16of24.py
float,shallow,0,11,22,RUNTIME_PASS,0.4629971981048584 | JIT: Jit/jit_list.cpp:41 -- Jit-list file: /jitlist_main.txt | ,benchmark_results/runtime_11x12_advanced_shallow/float/shallow/sample_00_11of22.py
float,shallow,1,9,22,RUNTIME_PASS,0.5210006237030029 | JIT: Jit/jit_list.cpp:41 -- Jit-list file: /jitlist_main.txt | ,benchmark_results/runtime_11x12_advanced_shallow/float/shallow/sample_01_9of22.py
float,shallow,2,12,22,RUNTIME_PASS,0.3245818614959717 | JIT: Jit/jit_list.cpp:41 -- Jit-list file: /jitlist_main.txt | ,benchmark_results/runtime_11x12_advanced_shallow/float/shallow/sample_02_12of22.py
float,shallow,3,11,22,RUNTIME_PASS,0.45525622367858887 | JIT: Jit/jit_list.cpp:41 -- Jit-list file: /jitlist_main.txt | ,benchmark_results/runtime_11x12_advanced_shallow/float/shallow/sample_03_11of22.py
float,shallow,4,8,22,RUNTIME_PASS,0.5546467304229736 | JIT: Jit/jit_list.cpp:41 -- Jit-list file: /jitlist_main.txt | ,benchmark_results/runtime_11x12_advanced_shallow/float/shallow/sample_04_8of22.py
float,shallow,5,4,22,RUNTIME_PASS,0.4595320224761963 | JIT: Jit/jit_list.cpp:41 -- Jit-list file: /jitlist_main.txt | ,benchmark_results/runtime_11x12_advanced_shallow/float/shallow/sample_05_4of22.py
float,shallow,6,11,22,RUNTIME_PASS,0.5887451171875 | JIT: Jit/jit_list.cpp:41 -- Jit-list file: /jitlist_main.txt | ,benchmark_results/runtime_11x12_advanced_shallow/float/shallow/sample_06_11of22.py
float,shallow,7,6,22,RUNTIME_PASS,0.4144284725189209 | JIT: Jit/jit_list.cpp:41 -- Jit-list file: /jitlist_main.txt | ,benchmark_results/runtime_11x12_advanced_shallow/float/shallow/sample_07_6of22.py
float,shallow,8,12,22,RUNTIME_PASS,0.3281373977661133 | JIT: Jit/jit_list.cpp:41 -- Jit-list file: /jitlist_main.txt | ,benchmark_results/runtime_11x12_advanced_shallow/float/shallow/sample_08_12of22.py
float,shallow,9,6,22,RUNTIME_PASS,0.41669273376464844 | JIT: Jit/jit_list.cpp:41 -- Jit-list file: /jitlist_main.txt | ,benchmark_results/runtime_11x12_advanced_shallow/float/shallow/sample_09_6of22.py
float,shallow,10,10,22,RUNTIME_PASS,0.513678789138794 | JIT: Jit/jit_list.cpp:41 -- Jit-list file: /jitlist_main.txt | ,benchmark_results/runtime_11x12_advanced_shallow/float/shallow/sample_10_10of22.py
float,shallow,11,13,22,RUNTIME_PASS,0.5204594135284424 | JIT: Jit/jit_list.cpp:41 -- Jit-list file: /jitlist_main.txt | ,benchmark_results/runtime_11x12_advanced_shallow/float/shallow/sample_11_13of22.py
nbody,advanced,0,28,48,RUNTIME_PASS,3.9273691177368164 | JIT: Jit/jit_list.cpp:41 -- Jit-list file: /jitlist_main.txt | ,benchmark_results/runtime_11x12_advanced_shallow/nbody/advanced/sample_00_28of48.py
nbody,advanced,1,26,48,RUNTIME_PASS,3.9213738441467285 | JIT: Jit/jit_list.cpp:41 -- Jit-list file: /jitlist_main.txt | ,benchmark_results/runtime_11x12_advanced_shallow/nbody/advanced/sample_01_26of48.py
nbody,advanced,2,27,48,RUNTIME_FAIL,"JIT: Jit/jit_list.cpp:41 -- Jit-list file: /jitlist_main.txt | Traceback (most recent call last): |   File ""/app/benchmark_results/runtime_11x12_advanced_shallow/nbody/advanced/sample_02_27of48.py"", line 60, in <module> |     PAIRS = combinations(cast(CheckedList[Body], SYSTEM)) |   File ""/app/benchmark_results/runtime_11x12_advanced_shallow/nbody/advanced/sample_02_27of48.py"", line 54, in combinations |     ls: CheckedList[Body] = cast(CheckedList[Body], l[x + 1:]) |   File ""/cinder/cinderx/PythonLib/__static__/__init__.py"", line 412, in cast |     raise TypeError(f""expected {typ.__name__}, got {type(val).__name__}"") | TypeError: expected chklist[Body], got list | ",benchmark_results/runtime_11x12_advanced_shallow/nbody/advanced/sample_02_27of48.py
nbody,advanced,3,23,48,RUNTIME_PASS,4.267589569091797 | JIT: Jit/jit_list.cpp:41 -- Jit-list file: /jitlist_main.txt | ,benchmark_results/runtime_11x12_advanced_shallow/nbody/advanced/sample_03_23of48.py
nbody,advanced,4,23,48,RUNTIME_FAIL,"JIT: Jit/jit_list.cpp:41 -- Jit-list file: /jitlist_main.txt | Traceback (most recent call last): |   File ""/app/benchmark_results/runtime_11x12_advanced_shallow/nbody/advanced/sample_04_23of48.py"", line 58, in <module> |     PAIRS: list[tuple[Body, Body]] = combinations(cast(CheckedList[Body], SYSTEM)) |   File ""/app/benchmark_results/runtime_11x12_advanced_shallow/nbody/advanced/sample_04_23of48.py"", line 52, in combinations |     ls: CheckedList[Body] = cast(CheckedList[Body], l[x + 1:]) |   File ""/cinder/cinderx/PythonLib/__static__/__init__.py"", line 412, in cast |     raise TypeError(f""expected {typ.__name__}, got {type(val).__name__}"") | TypeError: expected chklist[Body], got list | ",benchmark_results/runtime_11x12_advanced_shallow/nbody/advanced/sample_04_23of48.py
nbody,advanced,5,28,48,RUNTIME_PASS,3.359358787536621 | JIT: Jit/jit_list.cpp:41 -- Jit-list file: /jitlist_main.txt | ,benchmark_results/runtime_11x12_advanced_shallow/nbody/advanced/sample_05_28of48.py
nbody,advanced,6,28,48,RUNTIME_PASS,4.060419321060181 | JIT: Jit/jit_list.cpp:41 -- Jit-list file: /jitlist_main.txt | ,benchmark_results/runtime_11x12_advanced_shallow/nbody/advanced/sample_06_28of48.py
nbody,advanced,7,25,48,TC_FILTER_FAIL,"self.syntax_error(reason, node) |   File ""/cinder/cinderx/PythonLib/cinderx/compiler/static/visitor.py"", line 74, in syntax_error |     return self.error_sink.syntax_error(msg, self.filename, node) |   File ""/cinder/cinderx/PythonLib/cinderx/compiler/errors.py"", line 52, in syntax_error |     self.error(TypedSyntaxError(msg, (filename, lineno, offset, source_line))) |   File ""/cinder/cinderx/PythonLib/cinderx/compiler/errors.py"", line 48, in error |     raise exception |   File ""benchmark_results/runtime_11x12_advanced_shallow/nbody/advanced/sample_07_25of48.py"", line 82 |     r.x += dt * v.x |                ^ | cinderx.compiler.errors.TypedSyntaxError: cannot multiply dynamic and double | ",benchmark_results/runtime_11x12_advanced_shallow/nbody/advanced/sample_07_25of48.py
nbody,advanced,8,26,48,RUNTIME_FAIL,"JIT: Jit/jit_list.cpp:41 -- Jit-list file: /jitlist_main.txt | Traceback (most recent call last): |   File ""/app/benchmark_results/runtime_11x12_advanced_shallow/nbody/advanced/sample_08_26of48.py"", line 59, in <module> |     PAIRS = combinations(SYSTEM) |   File ""/app/benchmark_results/runtime_11x12_advanced_shallow/nbody/advanced/sample_08_26of48.py"", line 53, in combinations |     ls = cast(CheckedList[Body], l[x + 1:]) |   File ""/cinder/cinderx/PythonLib/__static__/__init__.py"", line 412, in cast |     raise TypeError(f""expected {typ.__name__}, got {type(val).__name__}"") | TypeError: expected chklist[Body], got list | ",benchmark_results/runtime_11x12_advanced_shallow/nbody/advanced/sample_08_26of48.py
nbody,advanced,9,19,48,RUNTIME_PASS,3.260200262069702 | JIT: Jit/jit_list.cpp:41 -- Jit-list file: /jitlist_main.txt | ,benchmark_results/runtime_11x12_advanced_shallow/nbody/advanced/sample_09_19of48.py
nbody,advanced,10,22,48,RUNTIME_FAIL,"JIT: Jit/jit_list.cpp:41 -- Jit-list file: /jitlist_main.txt | Traceback (most recent call last): |   File ""/app/benchmark_results/runtime_11x12_advanced_shallow/nbody/advanced/sample_10_22of48.py"", line 59, in <module> |     PAIRS: list[tuple[Body, Body]] = combinations(SYSTEM) |   File ""/app/benchmark_results/runtime_11x12_advanced_shallow/nbody/advanced/sample_10_22of48.py"", line 53, in combinations |     ls = cast(CheckedList[Body], l[x + 1:]) |   File ""/cinder/cinderx/PythonLib/__static__/__init__.py"", line 412, in cast |     raise TypeError(f""expected {typ.__name__}, got {type(val).__name__}"") | TypeError: expected chklist[Body], got list | ",benchmark_results/runtime_11x12_advanced_shallow/nbody/advanced/sample_10_22of48.py
nbody,advanced,11,20,48,RUNTIME_PASS,2.9358696937561035 | JIT: Jit/jit_list.cpp:41 -- Jit-list file: /jitlist_main.txt | ,benchmark_results/runtime_11x12_advanced_shallow/nbody/advanced/sample_11_20of48.py
nbody,shallow,0,14,29,RUNTIME_PASS,0.659381628036499 | JIT: Jit/jit_list.cpp:41 -- Jit-list file: /jitlist_main.txt | ,benchmark_results/runtime_11x12_advanced_shallow/nbody/shallow/sample_00_14of29.py
nbody,shallow,1,16,29,RUNTIME_PASS,0.6584146022796631 | JIT: Jit/jit_list.cpp:41 -- Jit-list file: /jitlist_main.txt | ,benchmark_results/runtime_11x12_advanced_shallow/nbody/shallow/sample_01_16of29.py
nbody,shallow,2,17,29,RUNTIME_PASS,0.657954216003418 | JIT: Jit/jit_list.cpp:41 -- Jit-list file: /jitlist_main.txt | ,benchmark_results/runtime_11x12_advanced_shallow/nbody/shallow/sample_02_17of29.py
nbody,shallow,3,15,29,RUNTIME_PASS,0.6588447093963623 | JIT: Jit/jit_list.cpp:41 -- Jit-list file: /jitlist_main.txt | ,benchmark_results/runtime_11x12_advanced_shallow/nbody/shallow/sample_03_15of29.py
nbody,shallow,4,15,29,RUNTIME_PASS,0.677987813949585 | JIT: Jit/jit_list.cpp:41 -- Jit-list file: /jitlist_main.txt | ,benchmark_results/runtime_11x12_advanced_shallow/nbody/shallow/sample_04_15of29.py
nbody,shallow,5,15,29,RUNTIME_PASS,0.6625642776489258 | JIT: Jit/jit_list.cpp:41 -- Jit-list file: /jitlist_main.txt | ,benchmark_results/runtime_11x12_advanced_shallow/nbody/shallow/sample_05_15of29.py
nbody,shallow,6,14,29,RUNTIME_PASS,0.6593425273895264 | JIT: Jit/jit_list.cpp:41 -- Jit-list file: /jitlist_main.txt | ,benchmark_results/runtime_11x12_advanced_shallow/nbody/shallow/sample_06_14of29.py
nbody,shallow,7,12,29,RUNTIME_PASS,0.6580245494842529 | JIT: Jit/jit_list.cpp:41 -- Jit-list file: /jitlist_main.txt | ,benchmark_results/runtime_11x12_advanced_shallow/nbody/shallow/sample_07_12of29.py
nbody,shallow,8,14,29,RUNTIME_PASS,0.6546235084533691 | JIT: Jit/jit_list.cpp:41 -- Jit-list file: /jitlist_main.txt | ,benchmark_results/runtime_11x12_advanced_shallow/nbody/shallow/sample_08_14of29.py
nbody,shallow,9,15,29,RUNTIME_PASS,0.659592866897583 | JIT: Jit/jit_list.cpp:41 -- Jit-list file: /jitlist_main.txt | ,benchmark_results/runtime_11x12_advanced_shallow/nbody/shallow/sample_09_15of29.py
nbody,shallow,10,12,29,RUNTIME_PASS,0.6571347713470459 | JIT: Jit/jit_list.cpp:41 -- Jit-list file: /jitlist_main.txt | ,benchmark_results/runtime_11x12_advanced_shallow/nbody/shallow/sample_10_12of29.py
nbody,shallow,11,13,29,RUNTIME_PASS,0.6572623252868652 | JIT: Jit/jit_list.cpp:41 -- Jit-list file: /jitlist_main.txt | ,benchmark_results/runtime_11x12_advanced_shallow/nbody/shallow/sample_11_13of29.py
nqueens,advanced,0,12,25,RUNTIME_PASS,0.22185134887695312 | JIT: Jit/jit_list.cpp:41 -- Jit-list file: /jitlist_main.txt | ,benchmark_results/runtime_11x12_advanced_shallow/nqueens/advanced/sample_00_12of25.py
nqueens,advanced,1,13,25,TC_FILTER_FAIL,"itor.py"", line 74, in syntax_error |     return self.error_sink.syntax_error(msg, self.filename, node) |   File ""/cinder/cinderx/PythonLib/cinderx/compiler/errors.py"", line 52, in syntax_error |     self.error(TypedSyntaxError(msg, (filename, lineno, offset, source_line))) |   File ""/cinder/cinderx/PythonLib/cinderx/compiler/errors.py"", line 48, in error |     raise exception |   File ""benchmark_results/runtime_11x12_advanced_shallow/nqueens/advanced/sample_01_13of25.py"", line 87 |     static_cols = create_array(0, int64(queen_count), 1) |                                  ^ | cinderx.compiler.errors.TypedSyntaxError: type mismatch: int64 received for positional arg 'end', expected dynamic | ",benchmark_results/runtime_11x12_advanced_shallow/nqueens/advanced/sample_01_13of25.py
nqueens,advanced,2,15,25,TC_FILTER_FAIL,"self.error_sink.syntax_error(msg, self.filename, node) |   File ""/cinder/cinderx/PythonLib/cinderx/compiler/errors.py"", line 52, in syntax_error |     self.error(TypedSyntaxError(msg, (filename, lineno, offset, source_line))) |   File ""/cinder/cinderx/PythonLib/cinderx/compiler/errors.py"", line 48, in error |     raise exception |   File ""benchmark_results/runtime_11x12_advanced_shallow/nqueens/advanced/sample_02_15of25.py"", line 27 |     size = box(int64(int64((int64(static_abs(end - int64(start))) - 1) / int64(static_abs(box(int64(step)))) + 1))) |                                             ^ | cinderx.compiler.errors.TypedSyntaxError: type mismatch: int64 cannot be assigned to dynamic | ",benchmark_results/runtime_11x12_advanced_shallow/nqueens/advanced/sample_02_15of25.py
nqueens,advanced,3,10,25,RUNTIME_PASS,0.16085290908813477 | JIT: Jit/jit_list.cpp:41 -- Jit-list file: /jitlist_main.txt | ,benchmark_results/runtime_11x12_advanced_shallow/nqueens/advanced/sample_03_10of25.py
nqueens,advanced,4,11,25,TC_FILTER_FAIL," return self.error_sink.syntax_error(msg, self.filename, node) |   File ""/cinder/cinderx/PythonLib/cinderx/compiler/errors.py"", line 52, in syntax_error |     self.error(TypedSyntaxError(msg, (filename, lineno, offset, source_line))) |   File ""/cinder/cinderx/PythonLib/cinderx/compiler/errors.py"", line 48, in error |     raise exception |   File ""benchmark_results/runtime_11x12_advanced_shallow/nqueens/advanced/sample_04_11of25.py"", line 26 |     size: int64 = int64((int64(static_abs(end - int64(start))) - 1) / int64(static_abs(box(int64(step)))) + 1) |                                          ^ | cinderx.compiler.errors.TypedSyntaxError: type mismatch: int64 cannot be assigned to dynamic | ",benchmark_results/runtime_11x12_advanced_shallow/nqueens/advanced/sample_04_11of25.py
nqueens,advanced,5,10,25,RUNTIME_PASS,0.2511906623840332 | JIT: Jit/jit_list.cpp:41 -- Jit-list file: /jitlist_main.txt | ,benchmark_results/runtime_11x12_advanced_shallow/nqueens/advanced/sample_05_10of25.py
nqueens,advanced,6,18,25,TC_FILTER_FAIL,"74, in syntax_error |     return self.error_sink.syntax_error(msg, self.filename, node) |   File ""/cinder/cinderx/PythonLib/cinderx/compiler/errors.py"", line 52, in syntax_error |     self.error(TypedSyntaxError(msg, (filename, lineno, offset, source_line))) |   File ""/cinder/cinderx/PythonLib/cinderx/compiler/errors.py"", line 48, in error |     raise exception |   File ""benchmark_results/runtime_11x12_advanced_shallow/nqueens/advanced/sample_06_18of25.py"", line 27 |     size: int64 = int64((static_abs(int64(end) - int64(start)) - 1) / static_abs(step) + 1) |                                    ^ | cinderx.compiler.errors.TypedSyntaxError: type mismatch: int64 cannot be assigned to dynamic | ",benchmark_results/runtime_11x12_advanced_shallow/nqueens/advanced/sample_06_18of25.py
nqueens,advanced,7,11,25,TC_FILTER_FAIL,"x_error |     return self.error_sink.syntax_error(msg, self.filename, node) |   File ""/cinder/cinderx/PythonLib/cinderx/compiler/errors.py"", line 52, in syntax_error |     self.error(TypedSyntaxError(msg, (filename, lineno, offset, source_line))) |   File ""/cinder/cinderx/PythonLib/cinderx/compiler/errors.py"", line 48, in error |     raise exception |   File ""benchmark_results/runtime_11x12_advanced_shallow/nqueens/advanced/sample_07_11of25.py"", line 27 |     size: int64 = int64((static_abs(int64(end) - int64(start)) - 1) / static_abs(box(int64(step))) + 1) |                                    ^ | cinderx.compiler.errors.TypedSyntaxError: type mismatch: int64 cannot be assigned to dynamic | ",benchmark_results/runtime_11x12_advanced_shallow/nqueens/advanced/sample_07_11of25.py
nqueens,advanced,8,14,25,TC_FILTER_FAIL," syntax_error |     return self.error_sink.syntax_error(msg, self.filename, node) |   File ""/cinder/cinderx/PythonLib/cinderx/compiler/errors.py"", line 52, in syntax_error |     self.error(TypedSyntaxError(msg, (filename, lineno, offset, source_line))) |   File ""/cinder/cinderx/PythonLib/cinderx/compiler/errors.py"", line 48, in error |     raise exception |   File ""benchmark_results/runtime_11x12_advanced_shallow/nqueens/advanced/sample_08_14of25.py"", line 27 |     size: int64 = int64((int64(static_abs(end - start)) - 1) / int64(static_abs(step)) + 1) |                                          ^ | cinderx.compiler.errors.TypedSyntaxError: type mismatch: int64 cannot be assigned to dynamic | ",benchmark_results/runtime_11x12_advanced_shallow/nqueens/advanced/sample_08_14of25.py
nqueens,advanced,9,11,25,RUNTIME_PASS,0.1717076301574707 | JIT: Jit/jit_list.cpp:41 -- Jit-list file: /jitlist_main.txt | ,benchmark_results/runtime_11x12_advanced_shallow/nqueens/advanced/sample_09_11of25.py
nqueens,advanced,10,16,25,TC_FILTER_FAIL,"|     return self.error_sink.syntax_error(msg, self.filename, node) |   File ""/cinder/cinderx/PythonLib/cinderx/compiler/errors.py"", line 52, in syntax_error |     self.error(TypedSyntaxError(msg, (filename, lineno, offset, source_line))) |   File ""/cinder/cinderx/PythonLib/cinderx/compiler/errors.py"", line 48, in error |     raise exception |   File ""benchmark_results/runtime_11x12_advanced_shallow/nqueens/advanced/sample_10_16of25.py"", line 27 |     size: int64 = int64((int64(static_abs(int64(end) - int64(start))) - 1) / int64(static_abs(step)) + 1) |                                          ^ | cinderx.compiler.errors.TypedSyntaxError: type mismatch: int64 cannot be assigned to dynamic | ",benchmark_results/runtime_11x12_advanced_shallow/nqueens/advanced/sample_10_16of25.py
nqueens,advanced,11,13,25,TC_FILTER_FAIL,"itor.py"", line 74, in syntax_error |     return self.error_sink.syntax_error(msg, self.filename, node) |   File ""/cinder/cinderx/PythonLib/cinderx/compiler/errors.py"", line 52, in syntax_error |     self.error(TypedSyntaxError(msg, (filename, lineno, offset, source_line))) |   File ""/cinder/cinderx/PythonLib/cinderx/compiler/errors.py"", line 48, in error |     raise exception |   File ""benchmark_results/runtime_11x12_advanced_shallow/nqueens/advanced/sample_11_13of25.py"", line 87 |     static_cols = create_array(0, int64(queen_count), 1) |                                  ^ | cinderx.compiler.errors.TypedSyntaxError: type mismatch: int64 received for positional arg 'end', expected dynamic | ",benchmark_results/runtime_11x12_advanced_shallow/nqueens/advanced/sample_11_13of25.py
nqueens,shallow,0,3,12,RUNTIME_PASS,0.157257080078125 | JIT: Jit/jit_list.cpp:41 -- Jit-list file: /jitlist_main.txt | ,benchmark_results/runtime_11x12_advanced_shallow/nqueens/shallow/sample_00_3of12.py
nqueens,shallow,1,7,12,RUNTIME_PASS,0.15836024284362793 | JIT: Jit/jit_list.cpp:41 -- Jit-list file: /jitlist_main.txt | ,benchmark_results/runtime_11x12_advanced_shallow/nqueens/shallow/sample_01_7of12.py
nqueens,shallow,2,9,12,RUNTIME_PASS,0.15570354461669922 | JIT: Jit/jit_list.cpp:41 -- Jit-list file: /jitlist_main.txt | ,benchmark_results/runtime_11x12_advanced_shallow/nqueens/shallow/sample_02_9of12.py
nqueens,shallow,3,6,12,RUNTIME_PASS,0.15697240829467773 | JIT: Jit/jit_list.cpp:41 -- Jit-list file: /jitlist_main.txt | ,benchmark_results/runtime_11x12_advanced_shallow/nqueens/shallow/sample_03_6of12.py
nqueens,shallow,4,8,12,RUNTIME_PASS,0.16190409660339355 | JIT: Jit/jit_list.cpp:41 -- Jit-list file: /jitlist_main.txt | ,benchmark_results/runtime_11x12_advanced_shallow/nqueens/shallow/sample_04_8of12.py
nqueens,shallow,5,7,12,RUNTIME_PASS,0.17603421211242676 | JIT: Jit/jit_list.cpp:41 -- Jit-list file: /jitlist_main.txt | ,benchmark_results/runtime_11x12_advanced_shallow/nqueens/shallow/sample_05_7of12.py
nqueens,shallow,6,8,12,RUNTIME_PASS,0.15802669525146484 | JIT: Jit/jit_list.cpp:41 -- Jit-list file: /jitlist_main.txt | ,benchmark_results/runtime_11x12_advanced_shallow/nqueens/shallow/sample_06_8of12.py
nqueens,shallow,7,9,12,RUNTIME_PASS,0.18094325065612793 | JIT: Jit/jit_list.cpp:41 -- Jit-list file: /jitlist_main.txt | ,benchmark_results/runtime_11x12_advanced_shallow/nqueens/shallow/sample_07_9of12.py
nqueens,shallow,8,5,12,RUNTIME_PASS,0.1585712432861328 | JIT: Jit/jit_list.cpp:41 -- Jit-list file: /jitlist_main.txt | ,benchmark_results/runtime_11x12_advanced_shallow/nqueens/shallow/sample_08_5of12.py
nqueens,shallow,9,5,12,RUNTIME_PASS,0.15581178665161133 | JIT: Jit/jit_list.cpp:41 -- Jit-list file: /jitlist_main.txt | ,benchmark_results/runtime_11x12_advanced_shallow/nqueens/shallow/sample_09_5of12.py
nqueens,shallow,10,5,12,RUNTIME_PASS,0.1551799774169922 | JIT: Jit/jit_list.cpp:41 -- Jit-list file: /jitlist_main.txt | ,benchmark_results/runtime_11x12_advanced_shallow/nqueens/shallow/sample_10_5of12.py
nqueens,shallow,11,4,12,RUNTIME_PASS,0.1559309959411621 | JIT: Jit/jit_list.cpp:41 -- Jit-list file: /jitlist_main.txt | ,benchmark_results/runtime_11x12_advanced_shallow/nqueens/shallow/sample_11_4of12.py
pystone,advanced,0,34,71,RUNTIME_PASS,0.6896016597747803 | JIT: Jit/jit_list.cpp:41 -- Jit-list file: /jitlist_main.txt | ,benchmark_results/runtime_11x12_advanced_shallow/pystone/advanced/sample_00_34of71.py
pystone,advanced,1,38,71,RUNTIME_PASS,0.8202188014984131 | JIT: Jit/jit_list.cpp:41 -- Jit-list file: /jitlist_main.txt | ,benchmark_results/runtime_11x12_advanced_shallow/pystone/advanced/sample_01_38of71.py
pystone,advanced,2,36,71,RUNTIME_PASS,0.8866672515869141 | JIT: Jit/jit_list.cpp:41 -- Jit-list file: /jitlist_main.txt | ,benchmark_results/runtime_11x12_advanced_shallow/pystone/advanced/sample_02_36of71.py
pystone,advanced,3,27,71,RUNTIME_PASS,0.7394146919250488 | JIT: Jit/jit_list.cpp:41 -- Jit-list file: /jitlist_main.txt | ,benchmark_results/runtime_11x12_advanced_shallow/pystone/advanced/sample_03_27of71.py
pystone,advanced,4,34,71,RUNTIME_PASS,0.838346004486084 | JIT: Jit/jit_list.cpp:41 -- Jit-list file: /jitlist_main.txt | ,benchmark_results/runtime_11x12_advanced_shallow/pystone/advanced/sample_04_34of71.py
pystone,advanced,5,33,71,RUNTIME_PASS,1.243861436843872 | JIT: Jit/jit_list.cpp:41 -- Jit-list file: /jitlist_main.txt | ,benchmark_results/runtime_11x12_advanced_shallow/pystone/advanced/sample_05_33of71.py
pystone,advanced,6,43,71,RUNTIME_PASS,1.1067681312561035 | JIT: Jit/jit_list.cpp:41 -- Jit-list file: /jitlist_main.txt | ,benchmark_results/runtime_11x12_advanced_shallow/pystone/advanced/sample_06_43of71.py
pystone,advanced,7,36,71,RUNTIME_PASS,0.47249913215637207 | JIT: Jit/jit_list.cpp:41 -- Jit-list file: /jitlist_main.txt | ,benchmark_results/runtime_11x12_advanced_shallow/pystone/advanced/sample_07_36of71.py
pystone,advanced,8,32,71,RUNTIME_PASS,0.5416362285614014 | JIT: Jit/jit_list.cpp:41 -- Jit-list file: /jitlist_main.txt | ,benchmark_results/runtime_11x12_advanced_shallow/pystone/advanced/sample_08_32of71.py
pystone,advanced,9,36,71,RUNTIME_PASS,1.361757516860962 | JIT: Jit/jit_list.cpp:41 -- Jit-list file: /jitlist_main.txt | ,benchmark_results/runtime_11x12_advanced_shallow/pystone/advanced/sample_09_36of71.py
pystone,advanced,10,39,71,RUNTIME_PASS,0.8783342838287354 | JIT: Jit/jit_list.cpp:41 -- Jit-list file: /jitlist_main.txt | ,benchmark_results/runtime_11x12_advanced_shallow/pystone/advanced/sample_10_39of71.py
pystone,advanced,11,33,71,RUNTIME_PASS,0.5436789989471436 | JIT: Jit/jit_list.cpp:41 -- Jit-list file: /jitlist_main.txt | ,benchmark_results/runtime_11x12_advanced_shallow/pystone/advanced/sample_11_33of71.py
pystone,shallow,0,34,71,RUNTIME_PASS,0.8739268779754639 | JIT: Jit/jit_list.cpp:41 -- Jit-list file: /jitlist_main.txt | ,benchmark_results/runtime_11x12_advanced_shallow/pystone/shallow/sample_00_34of71.py
pystone,shallow,1,35,71,RUNTIME_PASS,0.5952003002166748 | JIT: Jit/jit_list.cpp:41 -- Jit-list file: /jitlist_main.txt | ,benchmark_results/runtime_11x12_advanced_shallow/pystone/shallow/sample_01_35of71.py
pystone,shallow,2,28,71,RUNTIME_PASS,0.8153457641601562 | JIT: Jit/jit_list.cpp:41 -- Jit-list file: /jitlist_main.txt | ,benchmark_results/runtime_11x12_advanced_shallow/pystone/shallow/sample_02_28of71.py
pystone,shallow,3,39,71,RUNTIME_PASS,0.8871347904205322 | JIT: Jit/jit_list.cpp:41 -- Jit-list file: /jitlist_main.txt | ,benchmark_results/runtime_11x12_advanced_shallow/pystone/shallow/sample_03_39of71.py
pystone,shallow,4,31,71,RUNTIME_PASS,0.9440853595733643 | JIT: Jit/jit_list.cpp:41 -- Jit-list file: /jitlist_main.txt | ,benchmark_results/runtime_11x12_advanced_shallow/pystone/shallow/sample_04_31of71.py
pystone,shallow,5,36,71,RUNTIME_PASS,0.9600541591644287 | JIT: Jit/jit_list.cpp:41 -- Jit-list file: /jitlist_main.txt | ,benchmark_results/runtime_11x12_advanced_shallow/pystone/shallow/sample_05_36of71.py
pystone,shallow,6,37,71,RUNTIME_PASS,0.9332964420318604 | JIT: Jit/jit_list.cpp:41 -- Jit-list file: /jitlist_main.txt | ,benchmark_results/runtime_11x12_advanced_shallow/pystone/shallow/sample_06_37of71.py
pystone,shallow,7,38,71,RUNTIME_PASS,0.5295047760009766 | JIT: Jit/jit_list.cpp:41 -- Jit-list file: /jitlist_main.txt | ,benchmark_results/runtime_11x12_advanced_shallow/pystone/shallow/sample_07_38of71.py
pystone,shallow,8,38,71,RUNTIME_PASS,0.6880435943603516 | JIT: Jit/jit_list.cpp:41 -- Jit-list file: /jitlist_main.txt | ,benchmark_results/runtime_11x12_advanced_shallow/pystone/shallow/sample_08_38of71.py
pystone,shallow,9,33,71,RUNTIME_PASS,0.7514235973358154 | JIT: Jit/jit_list.cpp:41 -- Jit-list file: /jitlist_main.txt | ,benchmark_results/runtime_11x12_advanced_shallow/pystone/shallow/sample_09_33of71.py
pystone,shallow,10,38,71,RUNTIME_PASS,0.7465484142303467 | JIT: Jit/jit_list.cpp:41 -- Jit-list file: /jitlist_main.txt | ,benchmark_results/runtime_11x12_advanced_shallow/pystone/shallow/sample_10_38of71.py
pystone,shallow,11,28,71,RUNTIME_PASS,0.6341423988342285 | JIT: Jit/jit_list.cpp:41 -- Jit-list file: /jitlist_main.txt | ,benchmark_results/runtime_11x12_advanced_shallow/pystone/shallow/sample_11_28of71.py
richards,advanced,0,69,136,TC_FILTER_FAIL,"4, in syntax_error |     return self.error_sink.syntax_error(msg, self.filename, node) |   File ""/cinder/cinderx/PythonLib/cinderx/compiler/errors.py"", line 52, in syntax_error |     self.error(TypedSyntaxError(msg, (filename, lineno, offset, source_line))) |   File ""/cinder/cinderx/PythonLib/cinderx/compiler/errors.py"", line 48, in error |     raise exception |   File ""benchmark_results/runtime_11x12_advanced_shallow/richards/advanced/sample_00_69of136.py"", line 334 |     IdleTask(int64(I_IDLE), 1, 10000, cast(TaskState, TaskState().running()), IdleTaskRec()) |             ^ | cinderx.compiler.errors.TypedSyntaxError: type mismatch: int64 received for positional arg 'i', expected dynamic | ",benchmark_results/runtime_11x12_advanced_shallow/richards/advanced/sample_00_69of136.py
richards,advanced,1,73,136,TC_FILTER_FAIL,"_error |     return self.error_sink.syntax_error(msg, self.filename, node) |   File ""/cinder/cinderx/PythonLib/cinderx/compiler/errors.py"", line 52, in syntax_error |     self.error(TypedSyntaxError(msg, (filename, lineno, offset, source_line))) |   File ""/cinder/cinderx/PythonLib/cinderx/compiler/errors.py"", line 48, in error |     raise exception |   File ""benchmark_results/runtime_11x12_advanced_shallow/richards/advanced/sample_01_73of136.py"", line 284 |     return cast(Optional[Task], Task.release(self, int64(I_DEVA))) |                                                   ^ | cinderx.compiler.errors.TypedSyntaxError: type mismatch: int64 received for positional arg 'i', expected dynamic | ",benchmark_results/runtime_11x12_advanced_shallow/richards/advanced/sample_01_73of136.py
richards,advanced,2,56,136,TC_FILTER_FAIL,"_error |     return self.error_sink.syntax_error(msg, self.filename, node) |   File ""/cinder/cinderx/PythonLib/cinderx/compiler/errors.py"", line 52, in syntax_error |     self.error(TypedSyntaxError(msg, (filename, lineno, offset, source_line))) |   File ""/cinder/cinderx/PythonLib/cinderx/compiler/errors.py"", line 48, in error |     raise exception |   File ""benchmark_results/runtime_11x12_advanced_shallow/richards/advanced/sample_02_56of136.py"", line 284 |     return cast(Optional[Task], Task.release(self, int64(I_DEVA))) |                                                   ^ | cinderx.compiler.errors.TypedSyntaxError: type mismatch: int64 received for positional arg 'i', expected dynamic | ",benchmark_results/runtime_11x12_advanced_shallow/richards/advanced/sample_02_56of136.py
richards,advanced,3,69,136,TC_FILTER_FAIL,"f.error_sink.syntax_error(msg, self.filename, node) |   File ""/cinder/cinderx/PythonLib/cinderx/compiler/errors.py"", line 52, in syntax_error |     self.error(TypedSyntaxError(msg, (filename, lineno, offset, source_line))) |   File ""/cinder/cinderx/PythonLib/cinderx/compiler/errors.py"", line 48, in error |     raise exception |   File ""benchmark_results/runtime_11x12_advanced_shallow/richards/advanced/sample_03_69of136.py"", line 284 |     return cast(Optional[Task], cast(Task, Task.release(self, int64(I_DEVA)))) |                                                              ^ | cinderx.compiler.errors.TypedSyntaxError: type mismatch: int64 received for positional arg 'i', expected dynamic | ",benchmark_results/runtime_11x12_advanced_shallow/richards/advanced/sample_03_69of136.py
richards,advanced,4,55,136,TC_FILTER_FAIL,"f.error_sink.syntax_error(msg, self.filename, node) |   File ""/cinder/cinderx/PythonLib/cinderx/compiler/errors.py"", line 52, in syntax_error |     self.error(TypedSyntaxError(msg, (filename, lineno, offset, source_line))) |   File ""/cinder/cinderx/PythonLib/cinderx/compiler/errors.py"", line 48, in error |     raise exception |   File ""benchmark_results/runtime_11x12_advanced_shallow/richards/advanced/sample_04_55of136.py"", line 284 |     return cast(Optional[Task], cast(Task, Task.release(self, int64(I_DEVA)))) |                                                              ^ | cinderx.compiler.errors.TypedSyntaxError: type mismatch: int64 received for positional arg 'i', expected dynamic | ",benchmark_results/runtime_11x12_advanced_shallow/richards/advanced/sample_04_55of136.py
richards,advanced,5,68,136,TC_FILTER_FAIL,"_error |     return self.error_sink.syntax_error(msg, self.filename, node) |   File ""/cinder/cinderx/PythonLib/cinderx/compiler/errors.py"", line 52, in syntax_error |     self.error(TypedSyntaxError(msg, (filename, lineno, offset, source_line))) |   File ""/cinder/cinderx/PythonLib/cinderx/compiler/errors.py"", line 48, in error |     raise exception |   File ""benchmark_results/runtime_11x12_advanced_shallow/richards/advanced/sample_05_68of136.py"", line 284 |     return cast(Optional[Task], Task.release(self, int64(I_DEVA))) |                                                   ^ | cinderx.compiler.errors.TypedSyntaxError: type mismatch: int64 received for positional arg 'i', expected dynamic | ",benchmark_results/runtime_11x12_advanced_shallow/richards/advanced/sample_05_68of136.py
richards,advanced,6,69,136,TC_FILTER_FAIL,"_error |     return self.error_sink.syntax_error(msg, self.filename, node) |   File ""/cinder/cinderx/PythonLib/cinderx/compiler/errors.py"", line 52, in syntax_error |     self.error(TypedSyntaxError(msg, (filename, lineno, offset, source_line))) |   File ""/cinder/cinderx/PythonLib/cinderx/compiler/errors.py"", line 48, in error |     raise exception |   File ""benchmark_results/runtime_11x12_advanced_shallow/richards/advanced/sample_06_69of136.py"", line 284 |     return cast(Optional[Task], Task.release(self, int64(I_DEVA))) |                                                   ^ | cinderx.compiler.errors.TypedSyntaxError: type mismatch: int64 received for positional arg 'i', expected dynamic | ",benchmark_results/runtime_11x12_advanced_shallow/richards/advanced/sample_06_69of136.py
richards,advanced,7,69,136,TC_FILTER_FAIL,"sitor.py"", line 74, in syntax_error |     return self.error_sink.syntax_error(msg, self.filename, node) |   File ""/cinder/cinderx/PythonLib/cinderx/compiler/errors.py"", line 52, in syntax_error |     self.error(TypedSyntaxError(msg, (filename, lineno, offset, source_line))) |   File ""/cinder/cinderx/PythonLib/cinderx/compiler/errors.py"", line 48, in error |     raise exception |   File ""benchmark_results/runtime_11x12_advanced_shallow/richards/advanced/sample_07_69of136.py"", line 334 |     IdleTask(int64(I_IDLE), 1, 10000, TaskState().running(), IdleTaskRec()) |             ^ | cinderx.compiler.errors.TypedSyntaxError: type mismatch: int64 received for positional arg 'i', expected dynamic | ",benchmark_results/runtime_11x12_advanced_shallow/richards/advanced/sample_07_69of136.py
richards,advanced,8,64,136,TC_FILTER_FAIL,"ame}"", node) |   File ""/cinder/cinderx/PythonLib/cinderx/compiler/static/visitor.py"", line 74, in syntax_error |     return self.error_sink.syntax_error(msg, self.filename, node) |   File ""/cinder/cinderx/PythonLib/cinderx/compiler/errors.py"", line 52, in syntax_error |     self.error(TypedSyntaxError(msg, (filename, lineno, offset, source_line))) |   File ""/cinder/cinderx/PythonLib/cinderx/compiler/errors.py"", line 48, in error |     raise exception |   File ""benchmark_results/runtime_11x12_advanced_shallow/richards/advanced/sample_08_64of136.py"", line 320 |     print('tcb =', box(t.ident)) |                   ^ | cinderx.compiler.errors.TypedSyntaxError: can't box non-primitive: dynamic | ",benchmark_results/runtime_11x12_advanced_shallow/richards/advanced/sample_08_64of136.py
richards,advanced,9,66,136,TC_FILTER_FAIL,"_error |     return self.error_sink.syntax_error(msg, self.filename, node) |   File ""/cinder/cinderx/PythonLib/cinderx/compiler/errors.py"", line 52, in syntax_error |     self.error(TypedSyntaxError(msg, (filename, lineno, offset, source_line))) |   File ""/cinder/cinderx/PythonLib/cinderx/compiler/errors.py"", line 48, in error |     raise exception |   File ""benchmark_results/runtime_11x12_advanced_shallow/richards/advanced/sample_09_66of136.py"", line 284 |     return cast(Optional[Task], Task.release(self, int64(I_DEVA))) |                                                   ^ | cinderx.compiler.errors.TypedSyntaxError: type mismatch: int64 received for positional arg 'i', expected dynamic | ",benchmark_results/runtime_11x12_advanced_shallow/richards/advanced/sample_09_66of136.py
richards,advanced,10,70,136,TC_FILTER_FAIL,"iler/static/visitor.py"", line 74, in syntax_error |     return self.error_sink.syntax_error(msg, self.filename, node) |   File ""/cinder/cinderx/PythonLib/cinderx/compiler/errors.py"", line 52, in syntax_error |     self.error(TypedSyntaxError(msg, (filename, lineno, offset, source_line))) |   File ""/cinder/cinderx/PythonLib/cinderx/compiler/errors.py"", line 48, in error |     raise exception |   File ""benchmark_results/runtime_11x12_advanced_shallow/richards/advanced/sample_10_70of136.py"", line 284 |     return Task.release(self, int64(I_DEVA)) |                              ^ | cinderx.compiler.errors.TypedSyntaxError: type mismatch: int64 received for positional arg 'i', expected dynamic | ",benchmark_results/runtime_11x12_advanced_shallow/richards/advanced/sample_10_70of136.py
richards,advanced,11,76,136,TC_FILTER_FAIL,"sitor.py"", line 74, in syntax_error |     return self.error_sink.syntax_error(msg, self.filename, node) |   File ""/cinder/cinderx/PythonLib/cinderx/compiler/errors.py"", line 52, in syntax_error |     self.error(TypedSyntaxError(msg, (filename, lineno, offset, source_line))) |   File ""/cinder/cinderx/PythonLib/cinderx/compiler/errors.py"", line 48, in error |     raise exception |   File ""benchmark_results/runtime_11x12_advanced_shallow/richards/advanced/sample_11_76of136.py"", line 334 |     IdleTask(int64(I_IDLE), 1, 10000, TaskState().running(), IdleTaskRec()) |             ^ | cinderx.compiler.errors.TypedSyntaxError: type mismatch: int64 received for positional arg 'i', expected dynamic | ",benchmark_results/runtime_11x12_advanced_shallow/richards/advanced/sample_11_76of136.py
richards,shallow,0,73,132,RUNTIME_PASS,3.9089512825012207 | JIT: Jit/jit_list.cpp:41 -- Jit-list file: /jitlist_main.txt | ,benchmark_results/runtime_11x12_advanced_shallow/richards/shallow/sample_00_73of132.py
richards,shallow,1,54,132,RUNTIME_PASS,2.8073577880859375 | JIT: Jit/jit_list.cpp:41 -- Jit-list file: /jitlist_main.txt | ,benchmark_results/runtime_11x12_advanced_shallow/richards/shallow/sample_01_54of132.py
richards,shallow,2,64,132,RUNTIME_PASS,3.4529762268066406 | JIT: Jit/jit_list.cpp:41 -- Jit-list file: /jitlist_main.txt | ,benchmark_results/runtime_11x12_advanced_shallow/richards/shallow/sample_02_64of132.py
richards,shallow,3,73,132,RUNTIME_PASS,3.4183061122894287 | JIT: Jit/jit_list.cpp:41 -- Jit-list file: /jitlist_main.txt | ,benchmark_results/runtime_11x12_advanced_shallow/richards/shallow/sample_03_73of132.py
richards,shallow,4,57,132,RUNTIME_PASS,2.9191651344299316 | JIT: Jit/jit_list.cpp:41 -- Jit-list file: /jitlist_main.txt | ,benchmark_results/runtime_11x12_advanced_shallow/richards/shallow/sample_04_57of132.py
richards,shallow,5,64,132,RUNTIME_PASS,3.0089972019195557 | JIT: Jit/jit_list.cpp:41 -- Jit-list file: /jitlist_main.txt | ,benchmark_results/runtime_11x12_advanced_shallow/richards/shallow/sample_05_64of132.py
richards,shallow,6,76,132,RUNTIME_PASS,4.094451189041138 | JIT: Jit/jit_list.cpp:41 -- Jit-list file: /jitlist_main.txt | ,benchmark_results/runtime_11x12_advanced_shallow/richards/shallow/sample_06_76of132.py
richards,shallow,7,70,132,RUNTIME_PASS,3.778961181640625 | JIT: Jit/jit_list.cpp:41 -- Jit-list file: /jitlist_main.txt | ,benchmark_results/runtime_11x12_advanced_shallow/richards/shallow/sample_07_70of132.py
richards,shallow,8,71,132,RUNTIME_PASS,3.833639621734619 | JIT: Jit/jit_list.cpp:41 -- Jit-list file: /jitlist_main.txt | ,benchmark_results/runtime_11x12_advanced_shallow/richards/shallow/sample_08_71of132.py
richards,shallow,9,62,132,RUNTIME_PASS,3.2735626697540283 | JIT: Jit/jit_list.cpp:41 -- Jit-list file: /jitlist_main.txt | ,benchmark_results/runtime_11x12_advanced_shallow/richards/shallow/sample_09_62of132.py
richards,shallow,10,63,132,RUNTIME_PASS,2.8275973796844482 | JIT: Jit/jit_list.cpp:41 -- Jit-list file: /jitlist_main.txt | ,benchmark_results/runtime_11x12_advanced_shallow/richards/shallow/sample_10_63of132.py
richards,shallow,11,71,132,RUNTIME_PASS,3.4876956939697266 | JIT: Jit/jit_list.cpp:41 -- Jit-list file: /jitlist_main.txt | ,benchmark_results/runtime_11x12_advanced_shallow/richards/shallow/sample_11_71of132.py
